,Name,Location,Year,Kilometers_Driven,Fuel_Type,Transmission,Owner_Type,Mileage,Engine,Power,Seats,New_Price,Price
0,Honda Jazz V,Chennai,2011,46000,1,1,1,13.0,1199.0,88.7,5,861000,450000
1,Toyota Innova Crysta 2.8 GX AT 8S,Mumbai,2016,36000,2,2,1,11.36,2755.0,171.5,8,2100000,1750000
2,Maruti Ciaz Zeta,Kochi,2018,25692,1,1,1,21.56,1462.0,103.25,5,1065000,994999
3,Mitsubishi Pajero Sport 4X4,Delhi,2014,110000,2,1,1,13.5,2477.0,175.56,7,3201000,1500000
4,BMW 3 Series 320d,Kochi,2014,32982,2,2,1,22.69,1995.0,190.0,5,4787000,1855000
5,Honda WRV i-VTEC VX,Kochi,2018,37430,1,1,1,17.5,1199.0,88.7,5,1057000,990000
6,Volkswagen Vento 1.6 Highline,Coimbatore,2014,55431,1,1,2,16.09,1598.0,103.5,5,1233000,698000
7,Maruti Vitara Brezza ZDi Plus,Kochi,2018,50075,2,1,1,24.3,1248.0,88.5,5,1112000,863000
8,Hyundai Elantra 2.0 SX Option AT,Bangalore,2014,46374,1,2,1,14.62,1999.0,149.92,5,2364000,885000
9,Toyota Innova Crysta 2.7 GX MT,Bangalore,2012,70704,1,1,1,11.25,2694.0,163.7,7,1864000,1095000
10,Toyota Innova Crysta 2.4 GX MT 8S,Mumbai,2017,22000,2,1,1,13.68,2393.0,147.8,8,1934000,1650000
11,Mercedes-Benz C-Class Progressive C 220d,Coimbatore,2019,15369,2,2,1,0.0,1950.0,194.0,5,4914000,3567000
12,Hyundai Creta 1.4 E Plus Diesel,Mumbai,2018,13000,2,1,1,22.1,1396.0,88.7,5,1181000,1050000
13,Nissan Terrano XV D Pre,Kochi,2015,56066,2,1,1,19.64,1461.0,108.5,5,1664999,692000
14,Tata Zest Revotron 1.2T XE,Pune,2017,70000,1,1,1,17.57,1193.0,88.7,5,667000,450000
15,Datsun GO Plus T Petrol,Pune,2017,32851,1,1,1,19.83,1198.0,67.0,7,645000,395000
16,Toyota Etios Liva 1.2 G,Ahmedabad,2014,53000,1,1,1,17.71,1197.0,78.9,5,641000,390000
17,Toyota Innova Crysta 2.8 ZX AT,Mumbai,2017,30000,2,2,1,11.36,2755.0,171.5,7,2700000,1925000
18,Maruti Eeco 5 Seater AC,Coimbatore,2017,38053,1,1,1,15.1,1196.0,73.0,5,513000,391000
19,BMW 3 Series 320d Luxury Line,Mumbai,2015,56087,2,2,1,22.69,1995.0,190.0,5,5443000,2075000
20,Nissan Micra XV CVT,Coimbatore,2016,39882,1,2,1,19.15,1198.0,75.94,5,951000,655000
21,Maruti Vitara Brezza VDi,Mumbai,2016,55000,2,1,1,24.3,1248.0,88.5,5,996000,750000
22,Hyundai Verna CRDi 1.6 SX Option,Kolkata,2018,10250,2,1,1,22.0,1582.0,126.2,5,1444000,1095000
23,Maruti Alto K10 VXI,Hyderabad,2014,88500,1,1,1,24.07,998.0,67.1,5,453000,260000
24,Mercedes-Benz SLC 43 AMG,Kolkata,2017,13372,1,2,1,19.0,2996.0,362.07,2,9504000,5400000
25,Hyundai Verna VTVT 1.6 AT SX Plus,Kochi,2019,12645,1,2,1,17.0,1591.0,121.3,5,1349000,1150000
26,BMW 3 Series Luxury Line,Mumbai,2014,48000,2,2,1,21.76,1995.0,190.0,5,6088000,2650000
27,Hyundai Grand i10 1.2 Kappa Asta,Kolkata,2019,1000,1,1,1,18.9,1197.0,81.86,5,739000,650000
28,BMW 5 Series 520d Luxury Line,Hyderabad,2014,51000,2,2,1,22.48,1995.0,190.0,5,6947000,3350000
29,Maruti Baleno Alpha,Kochi,2017,24773,1,1,1,21.4,1197.0,83.1,5,877999,750000
30,Maruti Ertiga ZDI,Mumbai,2016,33000,2,1,1,25.47,1248.0,88.5,7,1274000,850000
31,Mahindra NuvoSport N6,Chennai,2017,29000,2,1,2,17.45,1493.0,100.0,7,1052000,650000
32,Maruti Vitara Brezza ZDi Plus Dual Tone,Mumbai,2016,20000,2,1,1,24.3,1248.0,88.5,5,1198000,900000
33,Honda Amaze S Diesel,Kolkata,2013,45000,2,1,1,27.4,1498.0,98.6,5,853999,325000
34,Skoda Superb Style 1.8 TSI AT,Hyderabad,2017,26000,1,2,1,14.67,1798.0,177.46,5,3358000,2600000
35,Mahindra Verito 1.5 D4 BSIV,Hyderabad,2013,107000,2,1,1,21.03,1461.0,65.0,5,911999,370000
36,Maruti Wagon R VXI,Kolkata,2013,32000,1,1,1,22.5,998.0,67.04,5,529000,265000
37,Mini Cooper Convertible S,Kochi,2017,26327,1,2,1,16.82,1998.0,189.08,4,4428000,3567000
38,Toyota Innova Crysta 2.8 GX AT,Kochi,2019,14165,2,2,1,11.36,2755.0,171.5,7,2073999,1964000
39,Honda City i-VTEC V,Kolkata,2011,32572,1,1,1,17.4,1497.0,117.3,5,1174000,387000
40,Toyota Innova Crysta 2.4 ZX MT,Pune,2017,43000,2,1,1,13.68,2393.0,147.8,7,2552000,1864999
41,Hyundai Verna CRDi 1.6 SX,Hyderabad,2008,143275,2,1,1,22.0,1582.0,126.2,5,1407000,260000
42,Mercedes-Benz GLE 350d,Coimbatore,2017,29819,2,2,1,11.57,2987.0,254.79,5,9513000,6129000
43,Tata Zest Quadrajet 1.3 75PS XE,Pune,2017,121900,2,1,1,22.95,1248.0,74.0,5,834000,375000
44,Tata Zest Quadrajet 1.3 75PS XE,Pune,2018,45000,2,1,1,22.95,1248.0,74.0,5,834000,525000
45,Honda Jazz VX,Delhi,2015,62178,1,1,1,18.2,1199.0,88.7,5,885000,484999
46,Toyota Innova Crysta 2.4 ZX MT,Chennai,2016,48000,2,1,1,13.68,2393.0,147.8,7,2540000,2025000
47,Honda City i-VTEC CVT ZX,Mumbai,2017,15000,1,2,1,18.0,1497.0,117.3,5,1667000,1269000
48,Mercedes-Benz GLE 250d,Hyderabad,2017,29000,2,2,1,17.9,2143.0,201.15,5,7943000,5700000
49,Honda Brio 1.2 VX MT,Kochi,2012,91931,1,1,1,18.5,1198.0,86.8,5,662000,313000
50,Maruti Vitara Brezza LDi,Chennai,2016,45000,2,1,1,24.3,1248.0,88.5,5,911999,715000
51,BMW 3 Series Luxury Line,Kochi,2015,30717,2,2,2,21.76,1995.0,190.0,5,5867000,2599000
52,Maruti Alto K10 VXI,Pune,2017,30000,1,1,1,24.07,998.0,67.1,5,448000,375000
53,Jaguar XF 2.0 Diesel Portfolio,Hyderabad,2017,21000,2,2,1,19.33,1999.0,177.0,5,7264000,5200000
54,Skoda Superb L&K 1.8 TSI AT,Kochi,2019,13747,1,2,1,14.67,1798.0,177.46,5,3615000,2730000
55,Mini Clubman Cooper S,Pune,2017,8350,1,1,1,13.8,1998.0,192.0,5,4459000,3500000
56,Maruti Vitara Brezza ZDi Plus,Hyderabad,2017,39000,2,1,1,24.3,1248.0,88.5,5,1200000,949000
57,Honda BRV i-VTEC V CVT,Kochi,2017,35676,1,2,1,16.0,1497.0,117.3,7,1465000,948000
58,Jaguar XE Portfolio,Mumbai,2017,9000,1,2,1,13.5,1999.0,246.74,5,5372000,3450000
59,Mitsubishi Pajero Sport 4X2 AT DualTone BlackTop,Hyderabad,2018,12000,2,2,1,13.5,2477.0,175.56,7,3390999,2800000
60,BMW 3 Series Luxury Line,Mumbai,2015,41000,2,2,1,21.76,1995.0,190.0,5,6088000,2550000
61,Honda BR-V i-VTEC S MT,Pune,2017,9000,1,1,1,15.4,1497.0,117.3,7,1251000,850000
62,Hyundai i20 Active SX Petrol,Jaipur,2017,40250,1,1,1,17.19,1197.0,81.86,5,974000,690000
63,Mercedes-Benz GLC 43 AMG Coupe,Coimbatore,2018,22397,1,2,1,11.5,2996.0,367.0,5,9538000,7098999
64,Audi A6 35 TFSI Matrix,Mumbai,2016,47000,1,2,1,15.26,1798.0,187.74,5,6059000,2450000
65,Mini Cooper Convertible S,Mumbai,2014,11900,1,2,1,16.82,1998.0,189.08,4,4428000,2850000
66,Mahindra Bolero ZLX,Coimbatore,2016,82756,2,1,1,15.96,2523.0,62.1,7,1128000,770000
67,Volkswagen Vento 1.6 Comfortline,Mumbai,2017,15000,1,1,2,16.09,1598.0,103.5,5,1148000,710000
68,Maruti S-Cross Delta DDiS 200 SH,Delhi,2018,12923,2,1,1,25.1,1248.0,88.5,5,1126000,892000
69,Audi Q3 35 TDI Quattro Premium Plus,Coimbatore,2016,86642,2,2,1,15.17,1968.0,181.0,5,4365000,2037000
70,BMW 3 Series Luxury Line,Bangalore,2016,19235,2,2,1,21.76,1995.0,190.0,5,6207000,3650000
71,Mercedes-Benz E-Class E 220 d,Kochi,2018,26405,1,2,1,12.6,1950.0,191.34,5,8697000,5143000
72,Maruti Wagon R LXI,Ahmedabad,2012,30000,1,1,1,22.5,998.0,67.04,5,474000,330000
73,Hyundai Creta 1.6 SX,Chennai,2016,69434,1,1,1,15.8,1591.0,121.3,5,1484000,800000
74,Mercedes-Benz New C-Class Progressive C 200,Kochi,2019,13190,1,2,1,0.0,1950.0,181.43,5,4949000,3899000
75,BMW X1 sDrive 20d xLine,Coimbatore,2017,31645,2,2,1,20.68,1995.0,190.0,5,4818000,2940000
76,Maruti Ertiga ZDI,Pune,2013,105000,2,1,2,25.47,1248.0,88.5,7,1234000,675000
77,Skoda Rapid 1.5 TDI Style,Hyderabad,2017,31000,2,1,1,21.13,1498.0,108.4,5,1538000,1050000
78,Toyota Innova Crysta 2.8 GX AT,Ahmedabad,2016,100200,2,2,1,11.36,2755.0,171.5,7,1921000,1700000
79,Jeep Compass 2.0 Limited,Jaipur,2018,29000,2,1,1,17.1,1956.0,170.0,5,2295000,1900000
80,Mahindra Bolero ZLX,Jaipur,2012,105000,2,1,2,15.96,2523.0,62.1,7,1115000,600000
81,Volkswagen Polo 1.5 TDI Highline,Coimbatore,2018,33558,2,1,1,20.14,1498.0,88.0,5,1032000,811999
82,Toyota Innova Crysta 2.8 ZX AT,Coimbatore,2019,40674,2,2,1,11.36,2755.0,171.5,7,2805000,2482000
83,Mercedes-Benz GLC 220d 4MATIC Style,Mumbai,2018,10003,2,2,1,17.9,2143.0,170.0,5,5977000,4850000
84,Volkswagen Vento 1.5 TDI Highline AT,Mumbai,2016,25000,2,2,1,21.5,1498.0,108.5,5,1586000,944999
85,Toyota Innova Crysta 2.4 GX MT 8S,Hyderabad,2017,52000,2,1,1,13.68,2393.0,147.8,8,1943000,1750000
86,Maruti Vitara Brezza ZDi,Pune,2016,21558,2,1,1,24.3,1248.0,88.5,5,1065000,890000
87,Mini Cooper 5 DOOR D,Mumbai,2016,11000,2,2,1,20.7,1496.0,113.98,5,4212000,2950000
88,Tata Safari Storme VX Varicor 400,Jaipur,2017,37000,2,1,1,14.1,2179.0,154.0,7,1695000,1125000
89,Honda BR-V i-DTEC VX MT,Kochi,2017,32249,2,1,1,21.9,1498.0,98.6,7,1545000,1079000
90,Maruti Ignis 1.2 Alpha,Mumbai,2017,7000,1,1,1,20.89,1197.0,81.8,5,787000,570000
91,Maruti Alto K10 VXI,Bangalore,2011,64357,1,1,1,24.07,998.0,67.1,5,470000,275000
92,Honda BRV i-VTEC V CVT,Mumbai,2017,18000,1,2,1,16.0,1497.0,117.3,7,1502000,925000
93,Maruti Vitara Brezza ZDi Plus Dual Tone,Coimbatore,2017,18108,2,1,1,24.3,1248.0,88.5,5,1256000,1131000
94,Nissan Sunny XV CVT,Kochi,2013,37199,1,2,1,17.5,1498.0,99.6,5,1133000,543000
95,Toyota Innova Crysta 2.4 ZX MT,Bangalore,2017,64798,2,1,1,13.68,2393.0,147.8,7,2645000,1875000
96,Maruti Dzire AMT ZXI Plus,Hyderabad,2017,13000,1,2,1,22.0,1197.0,81.8,5,1034000,850000
97,Hyundai Grand i10 1.2 CRDi Magna,Kolkata,2017,14000,2,1,1,24.0,1186.0,73.97,5,746000,490000
98,Honda City i-VTEC V,Delhi,2014,55818,1,1,2,17.4,1497.0,117.3,5,1185000,570000
99,Maruti Ertiga VDI,Ahmedabad,2017,63939,2,1,1,25.47,1248.0,88.5,7,1041000,775000
100,Maruti Celerio VXI AMT,Delhi,2014,35214,1,2,2,23.1,998.0,67.04,5,557000,320000
101,Mini Cooper 5 DOOR D,Hyderabad,2014,60000,2,2,2,20.7,1496.0,113.98,5,4248000,2350000
102,Honda City i-VTEC CVT VX,Bangalore,2015,18955,1,2,1,18.0,1497.0,117.3,5,1604000,1065000
103,Honda Jazz VX,Kochi,2018,20024,1,1,1,18.2,1199.0,88.7,5,910000,846000
104,Ford Figo Titanium Diesel,Kolkata,2015,72035,2,1,1,25.5,1498.0,99.0,5,765000,250000
105,Hyundai Creta 1.6 SX,Ahmedabad,2016,21000,1,1,1,15.8,1591.0,121.3,5,1374000,1090000
106,Maruti Wagon R VXI,Coimbatore,2015,72599,1,1,1,22.5,998.0,67.04,5,572000,432000
107,Mahindra XUV500 W9 AT,Coimbatore,2019,19654,2,2,1,14.0,2179.0,155.0,7,2133000,1763000
108,Mercedes-Benz GLE 250d,Mumbai,2016,21000,2,2,1,17.9,2143.0,201.15,5,7876000,5600000
109,Honda Amaze VX Diesel,Hyderabad,2018,12000,2,1,1,27.4,1498.0,98.6,5,1034000,850000
110,Maruti Alto K10 LXI,Pune,2014,49000,1,1,1,24.07,998.0,67.1,5,429000,229999
111,Volkswagen Ameo 1.5 TDI Highline,Mumbai,2017,51000,2,1,1,21.66,1498.0,108.62,5,1003999,645000
112,Mahindra Xylo H4,Chennai,2016,215000,2,1,1,14.02,2179.0,118.3,7,1167000,750000
113,Toyota Innova Crysta 2.4 ZX MT,Pune,2017,43200,2,1,1,13.68,2393.0,147.8,7,2552000,1860000
114,Hyundai Xcent 1.2 CRDi S,Jaipur,2018,25302,2,1,1,25.4,1186.0,73.97,5,856000,590000
115,Toyota Innova Crysta 2.8 ZX AT,Kochi,2018,41736,2,2,1,11.36,2755.0,171.5,7,2700000,1992000
116,Renault KWID 1.0 RXT Optional,Jaipur,2017,63262,1,1,1,21.7,999.0,67.0,5,478000,325000
117,Maruti Celerio VXI Optional AMT,Pune,2017,7500,1,2,1,23.1,998.0,67.04,5,614000,500000
118,Maruti Dzire VXI,Kolkata,2011,46687,1,1,1,22.0,1197.0,81.8,5,730000,270000
119,Datsun redi-GO T Option,Bangalore,2016,20487,1,1,1,22.7,799.0,53.64,5,437000,266000
120,Maruti Eeco 7 Seater Standard,Coimbatore,2012,56661,1,1,1,15.1,1196.0,73.0,7,498000,361000
121,Honda City i-VTEC CVT VX,Mumbai,2015,30000,1,2,1,18.0,1497.0,117.3,5,1529000,865000
122,Jeep Compass 2.0 Limited 4X4,Mumbai,2017,52000,2,1,1,16.3,1956.0,170.0,5,2426000,2000000
123,Land Rover Range Rover Evoque 2.0 TD4 HSE Dynamic,Kochi,2018,31427,2,2,1,15.68,1999.0,177.0,5,7512000,5972000
124,Maruti Baleno Alpha Diesel,Kolkata,2016,29000,2,1,1,27.39,1248.0,74.0,5,952999,650000
125,Mitsubishi Pajero Sport 4X4,Bangalore,2013,132000,2,1,1,13.5,2477.0,175.56,7,3460000,1249000
126,Toyota Innova Crysta 2.4 ZX MT,Coimbatore,2018,92056,2,1,1,13.68,2393.0,147.8,7,2645000,1839000
127,Honda Jazz VX Diesel,Mumbai,2016,38000,2,1,1,27.3,1498.0,98.6,5,1115000,621000
128,Mercedes-Benz C-Class Progressive C 220d,Mumbai,2018,8682,2,2,1,0.0,1950.0,194.0,5,5226000,3950000
129,BMW 5 Series 520d Luxury Line,Mumbai,2012,61240,2,2,1,22.48,1995.0,190.0,5,7043000,1750000
130,Renault KWID RXT Optional,Hyderabad,2018,1900,1,1,1,25.17,799.0,53.3,5,480000,445000
131,Ford Ecosport Signature Edition Diesel,Coimbatore,2019,23154,2,1,1,23.0,1498.0,98.96,5,1212000,1165000
132,Toyota Innova Crysta 2.4 GX MT,Chennai,2017,67489,2,1,1,13.68,2393.0,147.8,7,1937000,1650000
133,Volkswagen Vento 1.5 TDI Comfortline,Coimbatore,2014,56658,2,1,1,20.64,1498.0,108.5,5,1214000,539000
134,Toyota Fortuner 2.8 4WD MT,Kochi,2013,105072,2,1,1,14.24,2755.0,174.5,7,3669000,1328000
135,Jeep Compass 1.4 Limited Option,Mumbai,2017,4000,1,2,1,16.0,1368.0,160.0,5,2368000,1775000
136,Audi A4 35 TDI Technology,Hyderabad,2015,45000,2,2,1,18.25,1968.0,187.74,5,5561000,2500000
137,Ford EcoSport 1.5 Petrol Titanium Plus AT,Coimbatore,2018,18385,1,2,1,14.8,1497.0,121.36,5,1410000,1241000
138,Maruti S-Cross Zeta DDiS 200 SH,Coimbatore,2016,74611,2,1,1,25.1,1248.0,88.5,5,1326000,794000
139,Toyota Innova Crysta 2.8 ZX AT,Bangalore,2016,108000,2,2,1,11.36,2755.0,171.5,7,2805000,2050000
140,Maruti Ertiga VDI,Pune,2016,130000,2,1,1,25.47,1248.0,88.5,7,1127000,700000
141,Maruti Vitara Brezza ZDi Plus,Kochi,2019,34688,2,1,1,24.3,1248.0,88.5,5,1120000,1049000
142,Tata Zest Revotron 1.2 XT,Mumbai,2014,40000,1,1,1,17.57,1193.0,88.7,5,856000,395000
143,Maruti Vitara Brezza VDi,Kolkata,2017,35000,2,1,1,24.3,1248.0,88.5,5,946000,650000
144,Mahindra XUV300 W8 Diesel,Chennai,2012,97000,2,1,1,20.0,1497.0,115.0,5,1279000,725000
145,Hyundai Verna CRDi 1.6 SX Option,Kochi,2014,89614,2,1,1,22.0,1582.0,126.2,5,1557000,601000
146,Tata Hexa XT,Delhi,2017,55000,2,1,1,17.6,2179.0,153.86,7,1986000,1200000
147,Tata Tiago 1.2 Revotron XZ,Coimbatore,2018,9565,1,1,1,23.84,1199.0,84.0,5,659000,588000
148,Mercedes-Benz E-Class E 220 d,Kochi,2018,20446,1,2,1,12.6,1950.0,191.34,5,8697000,5135000
149,Mini Cooper 5 DOOR D,Ahmedabad,2014,34000,2,2,1,20.7,1496.0,113.98,5,4212000,2200000
150,Hyundai Grand i10 1.2 Kappa Magna,Delhi,2017,8471,1,1,1,18.9,1197.0,81.86,5,654000,500000
151,Toyota Innova Crysta 2.8 ZX AT,Hyderabad,2016,69000,2,2,1,11.36,2755.0,171.5,7,2656000,1975000
152,Renault Duster 110PS Diesel RxZ AMT,Coimbatore,2017,30090,2,2,1,19.6,1461.0,108.45,5,1505000,1144000
153,Mahindra Bolero ZLX,Mumbai,2016,40448,2,1,1,15.96,2523.0,62.1,7,1101000,350000
154,Maruti Vitara Brezza ZDi,Coimbatore,2018,64456,2,1,1,24.3,1248.0,88.5,5,1100000,1046000
155,Honda Amaze S Petrol,Kochi,2016,51672,1,1,1,19.5,1199.0,88.76,5,755000,568000
156,Hyundai Grand i10 1.2 Kappa Asta,Hyderabad,2017,20000,1,1,1,18.9,1197.0,81.86,5,782000,598000
157,Hyundai Grand i10 1.2 Kappa Magna,Kochi,2018,50234,1,1,1,18.9,1197.0,81.86,5,632000,476999
158,Hyundai Verna VTVT 1.6 AT SX Option,Mumbai,2015,40600,1,2,1,17.0,1591.0,121.3,5,1514000,720000
159,Hyundai Verna CRDi 1.6 AT SX Option,Ahmedabad,2013,87000,2,2,1,22.0,1582.0,126.2,5,1572000,590000
160,Volvo S60 D4 Momentum,Hyderabad,2015,51000,2,2,1,27.03,1969.0,190.0,5,4567000,2500000
161,BMW 3 Series 320d Luxury Line,Chennai,2012,65000,2,2,1,22.69,1995.0,190.0,5,5470000,1400000
162,Toyota Innova Crysta 2.4 VX MT,Hyderabad,2017,24393,2,1,1,13.68,2393.0,147.8,7,2287000,2039999
163,Volkswagen Polo 1.0 MPI Trendline,Hyderabad,2019,1000,1,1,1,18.78,999.0,75.0,5,674000,568000
164,Mitsubishi Pajero Sport 4X4,Mumbai,2013,59000,2,1,1,13.5,2477.0,175.56,7,3309000,1275000
165,Toyota Corolla Altis 1.8 VL CVT,Delhi,2017,21000,1,2,1,14.28,1798.0,138.03,5,2325000,1800000
166,Toyota Corolla Altis 1.4 DG,Ahmedabad,2012,52000,2,1,1,21.43,1364.0,86.79,5,1927000,650000
167,Jaguar XE 2.0L Diesel Prestige,Delhi,2018,1000,2,2,1,13.6,1999.0,177.0,5,5277000,4000000
168,Mahindra Xylo D4,Chennai,2016,85000,2,1,1,14.95,2489.0,93.7,7,1167000,615000
169,Maruti Swift VDI,Kochi,2017,34613,2,1,1,28.4,1248.0,74.0,5,792000,624000
170,Hyundai Xcent 1.2 VTVT S,Bangalore,2014,54000,1,1,1,20.14,1197.0,81.86,5,785000,550000
171,Honda City i-VTEC CVT VX,Kochi,2018,22974,1,2,1,18.0,1497.0,117.3,5,1555000,1197000
172,Toyota Fortuner 2.8 2WD MT,Ahmedabad,2015,65012,2,1,1,14.24,2755.0,174.5,7,3245000,1889999
173,Maruti Eeco 7 Seater Standard,Hyderabad,2015,90413,1,1,1,15.1,1196.0,73.0,7,483000,295000
174,Maruti Swift LDI,Mumbai,2015,14000,2,1,1,28.4,1248.0,74.0,5,713000,525000
175,BMW 5 Series 520d Luxury Line,Coimbatore,2012,44450,2,2,1,22.48,1995.0,190.0,5,7181999,2468000
176,BMW X1 M Sport sDrive 20d,Mumbai,2016,31000,2,2,1,17.05,1995.0,190.0,5,5097000,2950000
177,Hyundai Verna CRDi 1.4 E,Chennai,2008,121097,2,1,2,24.0,1396.0,88.76,5,1073000,190000
178,Fiat Linea Classic Plus 1.3 Multijet,Jaipur,2013,86000,2,1,2,19.5,1248.0,75.0,5,950000,250000
179,BMW 3 Series 320d Luxury Line,Kochi,2013,37613,2,2,1,22.69,1995.0,190.0,5,5246000,1395000
180,Maruti Ignis 1.2 Delta,Coimbatore,2019,16862,1,1,1,20.89,1197.0,81.8,5,607000,606000
181,Maruti Alto K10 VXI,Kolkata,2018,2100,1,1,1,24.07,998.0,67.1,5,433000,360000
182,Hyundai Grand i10 1.2 Kappa Sportz AT,Coimbatore,2018,20667,1,2,1,18.9,1197.0,81.86,5,863000,755000
183,Hyundai Grand i10 1.2 Kappa Sportz,Kochi,2019,18453,1,1,1,18.9,1197.0,81.86,5,668000,617000
184,Hyundai Verna CRDi 1.6 SX,Hyderabad,2008,96578,2,1,1,22.0,1582.0,126.2,5,1407000,250000
185,Renault Duster 110PS Diesel RxZ AMT,Bangalore,2016,45000,2,2,1,19.6,1461.0,108.45,5,1505000,1150000
186,Hyundai Grand i10 1.2 Kappa Magna AT,Bangalore,2018,3000,1,2,1,18.9,1197.0,81.86,5,798000,620000
187,Toyota Innova Crysta 2.8 ZX AT,Kolkata,2016,66618,2,2,1,11.36,2755.0,171.5,7,2482000,1549000
188,Tata Zest Revotron 1.2T XM,Mumbai,2016,43706,1,1,1,17.57,1193.0,88.7,5,763000,400000
189,Toyota Innova Crysta 2.4 VX MT,Kochi,2018,8899,2,1,1,13.68,2393.0,147.8,7,2286000,1992000
190,Ford EcoSport 1.5 Petrol Titanium,Pune,2018,17000,1,1,1,17.0,1497.0,121.36,5,1106000,919999
191,Maruti Alto K10 VXI,Hyderabad,2016,10000,1,1,1,24.07,998.0,67.1,5,453000,350000
192,Toyota Corolla Altis 1.8 G,Mumbai,2010,93000,1,1,1,14.28,1798.0,138.03,5,1939000,450000
193,Hyundai Elantra 2.0 SX Option AT,Delhi,2017,9500,1,2,1,14.62,1999.0,149.92,5,2177000,1635000
194,Hyundai Creta 1.6 SX Automatic Diesel,Chennai,2016,55000,2,2,1,17.6,1582.0,126.2,5,1835000,1250000
195,Volkswagen Ameo 1.5 TDI Comfortline,Jaipur,2016,58095,2,1,1,21.66,1498.0,108.62,5,919000,580000
196,Tata Zest Revotron 1.2 XT,Kolkata,2015,7445,1,1,1,17.57,1193.0,88.7,5,809000,500000
197,Toyota Corolla Altis 1.8 VL CVT,Kochi,2018,28321,1,2,1,14.28,1798.0,138.03,5,2325000,1748999
198,Maruti Dzire AMT ZDI Plus,Hyderabad,2017,28226,2,2,1,28.4,1248.0,73.75,5,1152000,915000
199,Ford EcoSport 1.5 Diesel Titanium Plus,Chennai,2016,29200,2,1,1,23.0,1498.0,98.96,5,1323000,770000
200,Tata Zest Quadrajet 1.3 XT,Coimbatore,2018,38310,2,1,1,20.65,1248.0,88.7,5,1006000,669000
201,Skoda Rapid 1.5 TDI AT Style,Kolkata,2017,31300,2,2,1,21.72,1498.0,108.4,5,1534000,1050000
202,Toyota Innova Crysta 2.4 VX MT 8S,Coimbatore,2019,11241,2,1,1,13.68,2393.0,147.8,8,2401000,2255000
203,Mahindra Thar CRDe,Jaipur,2016,19000,2,1,1,16.55,2498.0,105.0,6,1139000,925000
204,Ford Aspire Titanium Diesel,Coimbatore,2017,30279,2,1,1,26.1,1498.0,99.0,5,978999,729000
205,Mini Cooper 3 DOOR D,Mumbai,2016,20000,2,2,1,20.7,1496.0,113.98,4,3500000,2350000
206,Mahindra Verito 1.5 D4 BSIV,Pune,2015,90000,2,1,2,21.03,1461.0,65.0,5,926000,310000
207,Volkswagen Ameo 1.2 MPI Highline,Coimbatore,2017,22389,1,1,1,17.0,1198.0,73.75,5,868000,723000
208,Land Rover Discovery Sport TD4 HSE 7S,Mumbai,2017,40000,2,2,1,12.81,1999.0,148.31,7,6639000,4150000
209,Volkswagen Tiguan 2.0 TDI Highline,Jaipur,2017,50510,2,2,1,17.06,1968.0,141.0,5,3645000,2490000
210,Audi Q7 45 TDI Quattro Premium Plus,Kochi,2019,6773,2,2,1,14.75,2967.0,245.0,7,9138000,7294000
211,Mahindra Bolero ZLX,Jaipur,2013,63000,2,1,1,15.96,2523.0,62.1,7,1115000,550000
212,BMW X1 M Sport sDrive 20d,Kochi,2017,32838,2,2,1,17.05,1995.0,190.0,5,5097000,3029000
213,Jaguar XE 2.0L Diesel Prestige,Hyderabad,2017,4000,2,2,1,13.6,1999.0,177.0,5,5341000,3800000
214,Maruti Wagon R LXI,Delhi,2012,45631,1,1,2,22.5,998.0,67.04,5,459000,274000
215,Hyundai Grand i10 1.2 Kappa Magna,Delhi,2017,12248,1,1,1,18.9,1197.0,81.86,5,654000,490000
216,Maruti Alto K10 VXI,Coimbatore,2011,48624,1,1,1,24.07,998.0,67.1,5,470000,322000
217,BMW 5 Series 520d Luxury Line,Kochi,2018,32586,2,2,1,22.48,1995.0,190.0,5,6787000,3729999
218,Mercedes-Benz GLE 350d,Coimbatore,2018,40129,2,2,1,11.57,2987.0,254.79,5,9513000,7080000
219,Hyundai Grand i10 1.2 Kappa Sportz,Kochi,2018,10393,1,1,1,18.9,1197.0,81.86,5,662000,603000
220,Honda Amaze V CVT Petrol,Pune,2018,1700,1,2,1,19.0,1199.0,88.76,5,944000,780000
221,Audi Q3 35 TDI Quattro Premium Plus,Coimbatore,2016,58661,2,2,1,15.17,1968.0,181.0,5,4864000,2803000
222,Mahindra Xylo D4,Hyderabad,2015,169000,2,1,1,14.95,2489.0,93.7,7,1169000,500000
223,Maruti Ciaz Zeta,Mumbai,2017,5500,1,1,1,21.56,1462.0,103.25,5,1111000,819999
224,Maruti Wagon R LXI,Ahmedabad,2010,21002,1,1,1,22.5,998.0,67.04,5,474000,275000
225,Maruti Eeco 7 Seater Standard,Coimbatore,2017,28371,1,1,1,15.1,1196.0,73.0,7,498000,474000
226,Renault KWID Climber 1.0 MT,Delhi,2017,15000,1,1,1,21.7,999.0,67.0,5,498000,425000
227,Honda WRV i-VTEC VX,Kochi,2018,15135,1,1,1,17.5,1199.0,88.7,5,1057000,928999
228,Maruti Wagon R VXI AMT,Coimbatore,2017,37832,1,2,1,22.5,998.0,67.0,5,633000,523000
229,Hyundai Grand i10 1.2 Kappa Asta,Coimbatore,2016,43041,1,1,1,18.9,1197.0,81.86,5,810000,601000
230,Hyundai Grand i10 1.2 Kappa Magna,Kolkata,2017,31184,1,1,1,18.9,1197.0,81.86,5,640000,500000
231,Maruti Dzire AMT ZDI Plus,Pune,2017,41747,2,2,1,28.4,1248.0,73.75,5,1126000,900000
232,Toyota Etios Liva 1.2 VX Dual Tone,Coimbatore,2019,20877,1,1,1,18.16,1197.0,78.9,5,759000,727000
233,Maruti Swift VXI,Mumbai,2016,23555,1,1,1,22.0,1197.0,81.8,5,700000,509999
234,Volkswagen Polo GT TSI,Mumbai,2016,28000,1,2,1,17.21,1197.0,103.5,5,1126000,725000
235,Tata Bolt Quadrajet XE,Hyderabad,2017,40000,2,1,1,22.95,1248.0,74.0,5,743000,525000
236,Hyundai Elantra 1.6 SX Option AT,Ahmedabad,2014,49000,2,2,1,18.23,1582.0,126.2,5,2243000,890000
237,Jeep Compass 2.0 Limited Option Black,Mumbai,2017,7000,2,1,1,17.1,1956.0,170.0,5,2402000,1745000
238,Toyota Corolla Altis 1.8 GL,Kochi,2012,83184,1,1,1,14.28,1798.0,138.03,5,2169000,622000
239,Mercedes-Benz GLE 350d,Coimbatore,2017,33552,2,2,1,11.57,2987.0,254.79,5,9513000,6487000
240,Mercedes-Benz A Class A180 Sport,Mumbai,2016,17000,1,2,1,15.5,1595.0,122.0,5,3463000,1725000
241,Hyundai Grand i10 1.2 Kappa Magna,Kochi,2018,46493,1,1,1,18.9,1197.0,81.86,5,632000,553000
242,BMW 3 Series 320d,Ahmedabad,2011,100000,2,2,2,22.69,1995.0,190.0,5,4331000,1090000
243,Maruti Eeco 7 Seater Standard,Mumbai,2014,34669,1,1,1,15.1,1196.0,73.0,7,471000,290000
244,Toyota Innova Crysta 2.8 GX AT,Kochi,2019,10601,2,2,1,11.36,2755.0,171.5,7,2073999,1964999
245,Hyundai Grand i10 1.2 Kappa Sportz,Delhi,2018,9434,1,1,1,18.9,1197.0,81.86,5,671000,575000
246,Volkswagen Ameo 1.2 MPI Highline,Coimbatore,2018,35569,1,1,1,17.0,1198.0,73.75,5,868000,727000
247,Toyota Fortuner 2.8 2WD AT,Ahmedabad,2017,15000,2,2,1,12.9,2755.0,174.5,7,3445000,3000000
248,Maruti Dzire VDI,Delhi,2016,45376,2,1,1,28.4,1248.0,73.75,5,858000,575000
249,Ford EcoSport 1.5 Diesel Titanium Plus,Kochi,2017,78526,2,1,1,23.0,1498.0,98.96,5,1267000,809000
250,BMW X1 sDrive 20d xLine,Coimbatore,2015,42265,2,2,2,20.68,1995.0,190.0,5,4818000,2224000
251,Ford EcoSport 1.5 Diesel Titanium,Mumbai,2017,26000,2,1,1,23.0,1498.0,98.96,5,1189000,899000
252,Maruti Dzire ZDI Plus,Jaipur,2017,24000,2,1,1,28.4,1248.0,73.75,5,1048000,819999
253,Hyundai Verna VTVT 1.6 SX Option,Delhi,2013,57478,1,1,2,17.0,1591.0,121.3,5,1359000,525000
254,Maruti Vitara Brezza ZDi,Hyderabad,2016,41372,2,1,1,24.3,1248.0,88.5,5,1102000,930000
255,Mercedes-Benz GLA Class 200 d Sport,Pune,2017,35000,2,2,1,17.9,2143.0,136.0,5,4194000,2350000
256,Maruti Dzire VDI,Mumbai,2012,74000,2,1,2,28.4,1248.0,73.75,5,894000,425000
257,Jeep Compass 2.0 Longitude,Kochi,2018,28937,2,1,1,17.1,1956.0,170.0,5,2138000,1702000
258,Toyota Corolla Altis 1.4 DG,Coimbatore,2013,63854,2,1,1,21.43,1364.0,86.79,5,1927000,712000
259,Maruti Vitara Brezza ZDi Plus AMT Dual Tone,Chennai,2018,3000,2,2,1,24.3,1248.0,88.5,5,1288000,1125000
260,Hyundai Xcent 1.2 VTVT SX,Mumbai,2014,64241,1,1,1,20.14,1197.0,81.86,5,827000,367000
261,BMW X1 sDrive 20d xLine,Bangalore,2016,28143,2,2,1,20.68,1995.0,190.0,5,4818000,2850000
262,Toyota Innova Crysta 2.4 VX MT,Hyderabad,2017,67000,2,1,1,13.68,2393.0,147.8,7,2287000,1650000
263,Hyundai Grand i10 1.2 Kappa Magna AT,Kochi,2018,5354,1,2,1,18.9,1197.0,81.86,5,737000,676000
264,Volkswagen Polo 1.0 MPI Comfortline,Chennai,2016,42000,1,1,2,18.78,999.0,75.0,5,733000,550000
265,Maruti Eeco 7 Seater Standard,Coimbatore,2013,54885,1,1,1,15.1,1196.0,73.0,7,498000,375000
266,Toyota Innova Crysta 2.4 VX MT,Mumbai,2016,25121,2,1,1,13.68,2393.0,147.8,7,2306000,1711000
267,Mahindra Bolero SLE,Hyderabad,2012,75000,2,1,1,15.96,2523.0,62.1,7,1032000,430000
268,Maruti Ignis 1.2 Alpha,Mumbai,2017,1000,1,1,1,20.89,1197.0,81.8,5,787000,636000
269,Jeep Compass 2.0 Longitude,Coimbatore,2018,33218,2,1,1,17.1,1956.0,170.0,5,2246000,1905000
270,Mini Cooper 5 DOOR D,Hyderabad,2017,2000,2,2,1,20.7,1496.0,113.98,5,4248000,3400000
271,Tata Zest Revotron 1.2T XMS,Chennai,2015,40000,1,1,1,17.57,1193.0,88.7,5,769000,400000
272,Ford Aspire Titanium Plus Diesel,Kolkata,2015,2800,2,1,1,26.1,1498.0,99.0,5,940000,841000
273,Hyundai Grand i10 1.2 Kappa Asta,Coimbatore,2016,37429,1,1,1,18.9,1197.0,81.86,5,810000,589000
274,Honda City i-VTEC V,Delhi,2011,67031,1,1,1,17.4,1497.0,117.3,5,1185000,400000
275,Maruti Celerio VXI AMT,Mumbai,2016,47691,1,2,1,23.1,998.0,67.04,5,608000,394000
276,Maruti Dzire VDI,Kolkata,2015,28193,2,1,1,28.4,1248.0,73.75,5,836000,525000
277,Mercedes-Benz E-Class E 220 d,Hyderabad,2013,85000,2,2,1,16.1,1950.0,194.0,5,7115000,2100000
278,Hyundai Grand i10 1.2 Kappa Sportz,Ahmedabad,2015,20780,1,1,1,18.9,1197.0,81.86,5,682000,430000
279,Mercedes-Benz GLE 250d,Kochi,2017,25601,2,2,1,17.9,2143.0,201.15,5,7876000,5673000
280,Ford Freestyle Titanium Petrol,Mumbai,2007,1261,1,1,1,19.0,1194.0,94.68,5,811999,600000
281,Hyundai Elite i20 Asta Option,Coimbatore,2017,59450,1,1,1,18.6,1197.0,81.86,5,977999,753000
282,Maruti Baleno Delta,Mumbai,2016,12573,1,1,1,21.4,1197.0,83.1,5,736000,580000
283,Toyota Fortuner 2.8 2WD AT,Pune,2017,29000,2,2,1,12.9,2755.0,174.5,7,3811000,3100000
284,Maruti Ertiga ZDI,Delhi,2013,68000,2,1,1,25.47,1248.0,88.5,7,1175000,484999
285,Maruti Swift VDI,Hyderabad,2013,84000,2,1,1,28.4,1248.0,74.0,5,844000,565000
286,Hyundai Creta 1.6 SX Option,Delhi,2016,24347,1,1,1,15.8,1591.0,121.3,5,1605999,1100000
287,Honda City i-VTEC CVT VX,Mumbai,2017,17000,1,2,1,18.0,1497.0,117.3,5,1529000,1160000
288,Honda Brio 1.2 VX MT,Kochi,2014,41460,1,1,1,18.5,1198.0,86.8,5,663000,395000
289,Toyota Fortuner 2.8 4WD MT,Bangalore,2015,150386,2,1,1,14.24,2755.0,174.5,7,3960000,2300000
290,Maruti Vitara Brezza ZDi Plus,Ahmedabad,2017,80000,2,1,1,24.3,1248.0,88.5,5,1091000,800000
291,Hyundai Tucson 2.0 Dual VTVT 2WD AT GL,Mumbai,2016,13000,1,2,1,12.95,1999.0,152.88,5,2575000,1775000
292,Maruti Wagon R VXI,Kolkata,2016,16956,1,1,1,22.5,998.0,67.04,5,529000,360000
293,Maruti Wagon R VXI,Mumbai,2010,38000,1,1,2,22.5,998.0,67.04,5,561000,175000
294,Honda Brio 1.2 VX AT,Mumbai,2017,20000,1,2,1,16.5,1198.0,86.8,5,805000,599000
295,Toyota Etios Cross 1.4L GD,Kochi,2016,36681,2,1,1,23.59,1364.0,67.06,5,882000,671000
296,Honda City i-VTEC CVT ZX,Coimbatore,2018,20300,1,2,1,18.0,1497.0,117.3,5,1738000,1421000
297,Maruti Celerio ZXI MT,Kochi,2017,21799,1,1,1,23.1,998.0,67.04,5,569000,511000
298,Toyota Innova Crysta 2.8 ZX AT,Hyderabad,2017,35358,2,2,1,11.36,2755.0,171.5,7,2656000,2299000
299,Tata Tiago 1.2 Revotron XT,Jaipur,2016,42700,1,1,1,23.84,1199.0,84.0,5,561000,360000
300,Toyota Fortuner 2.8 4WD MT,Hyderabad,2010,110000,2,1,1,14.24,2755.0,174.5,7,3751000,1370000
301,Maruti Wagon R VXI 1.2,Mumbai,2015,55000,1,1,1,21.5,1197.0,81.8,5,588000,310000
302,Honda City i-DTEC ZX,Hyderabad,2017,46000,2,1,1,25.6,1498.0,98.6,5,1695000,1290000
303,BMW 5 Series 520d Luxury Line,Ahmedabad,2012,95000,2,2,2,22.48,1995.0,190.0,5,6371000,1750000
304,Ford EcoSport 1.5 Diesel Titanium,Delhi,2017,39000,2,1,1,23.0,1498.0,98.96,5,1147000,844999
305,Toyota Fortuner 2.8 4WD MT,Mumbai,2010,140000,2,1,1,14.24,2755.0,174.5,7,3746000,1075000
306,Maruti Swift VDI,Kochi,2016,62192,2,1,1,28.4,1248.0,74.0,5,788000,522000
307,Maruti Ciaz Alpha,Kochi,2018,38394,1,1,1,21.56,1462.0,103.25,5,1137000,918000
308,Hyundai Elantra 2.0 SX Option AT,Delhi,2016,28000,1,2,1,14.62,1999.0,149.92,5,2177000,1390000
309,Volkswagen Vento 1.5 TDI Trendline,Mumbai,2011,47000,2,1,1,20.64,1498.0,108.5,5,1130000,325000
310,Mercedes-Benz E-Class E 350 d,Coimbatore,2019,9312,2,2,1,18.0,2987.0,258.0,5,9250000,7880000
311,Hyundai Elantra 2.0 SX Option AT,Coimbatore,2015,58239,1,2,1,14.62,1999.0,149.92,5,2364000,969000
312,Nissan Terrano XL D Option,Mumbai,2014,51000,2,1,1,19.87,1461.0,83.14,5,1506000,565000
313,Toyota Fortuner 2.8 2WD AT,Ahmedabad,2016,88008,2,2,2,12.9,2755.0,174.5,7,3445000,2250000
314,Mercedes-Benz GLA Class 200 d Sport,Mumbai,2018,10000,2,2,1,17.9,2143.0,136.0,5,4194000,2890000
315,Mini Cooper Convertible S,Chennai,2012,17000,1,2,2,16.82,1998.0,189.08,4,4428000,2200000
316,Mini Cooper 3 DOOR S,Mumbai,2013,21000,1,2,1,17.44,1998.0,189.08,4,3957000,2150000
317,Skoda Rapid 1.6 MPI AT Ambition,Mumbai,2017,32000,1,2,1,14.84,1598.0,103.52,5,1370000,811000
318,Maruti Ertiga VDI,Delhi,2017,65000,2,1,1,25.47,1248.0,88.5,7,1116000,765000
319,Ford EcoSport 1.5 Petrol Trend,Kolkata,2016,21460,1,1,1,17.0,1497.0,121.36,5,947000,600000
320,Honda Jazz V CVT,Hyderabad,2015,33000,1,2,1,19.0,1199.0,88.7,5,1017000,725000
321,Maruti Vitara Brezza ZDi Plus,Jaipur,2017,48324,2,1,1,24.3,1248.0,88.5,5,1147000,900000
322,Hyundai Grand i10 1.2 CRDi Sportz,Kochi,2017,20773,2,1,1,24.0,1186.0,73.97,5,817000,592000
323,Volkswagen Polo 1.5 TDI Highline,Kolkata,2016,22000,2,1,1,20.14,1498.0,88.0,5,958000,629000
324,BMW 3 Series 320d,Mumbai,2013,25000,2,2,1,22.69,1995.0,190.0,5,4787000,1798999
325,Mahindra Xylo H4,Chennai,2015,82000,2,1,2,14.02,2179.0,118.3,7,1167000,484999
326,Maruti Dzire VDI,Hyderabad,2011,110000,2,1,1,28.4,1248.0,73.75,5,914000,400000
327,Volkswagen Polo 1.5 TDI Highline,Delhi,2012,68038,2,1,1,20.14,1498.0,88.0,5,996000,360000
328,BMW 5 Series 520d Luxury Line,Ahmedabad,2013,55000,2,2,1,22.48,1995.0,190.0,5,6371000,2175000
329,Mercedes-Benz GLC 220d 4MATIC Sport,Mumbai,2017,25000,2,2,1,17.9,2143.0,170.0,5,6414000,4500000
330,Maruti Alto K10 VXI,Coimbatore,2011,46808,1,1,2,24.07,998.0,67.1,5,470000,319000
331,Hyundai Xcent 1.2 VTVT S,Coimbatore,2015,65743,1,1,1,20.14,1197.0,81.86,5,785000,620000
332,Hyundai Creta 1.6 SX Option,Mumbai,2016,29477,1,1,1,15.8,1591.0,121.3,5,1636000,1025000
333,Toyota Fortuner 2.8 2WD AT,Delhi,2017,40000,2,2,1,12.9,2755.0,174.5,7,3738000,3000000
334,Ford EcoSport 1.5 Diesel Titanium,Mumbai,2017,30000,2,1,1,23.0,1498.0,98.96,5,1189000,899000
335,Tata Zest Revotron 1.2T XE,Delhi,2017,47000,1,1,2,17.57,1193.0,88.7,5,662000,450000
336,Maruti Vitara Brezza ZDi Plus Dual Tone,Kochi,2017,45362,2,1,1,24.3,1248.0,88.5,5,1175000,938000
337,Tata Hexa XTA,Coimbatore,2019,14233,2,2,1,17.6,2179.0,153.86,7,2274000,1785000
338,Skoda Superb Style 1.8 TSI AT,Mumbai,2010,62004,1,2,2,14.67,1798.0,177.46,5,3336000,375000
339,Volkswagen Vento 1.5 TDI Highline AT,Mumbai,2016,25500,2,2,1,21.5,1498.0,108.5,5,1586000,894999
340,Mercedes-Benz E-Class E 220 d,Mumbai,2018,11000,2,2,1,16.1,1950.0,194.0,5,7055000,5650000
341,BMW 3 Series 320d Luxury Line,Mumbai,2014,18600,2,2,2,22.69,1995.0,190.0,5,5443000,2100000
342,Mercedes-Benz CLA 200 CDI Sport,Coimbatore,2017,20969,2,2,1,17.9,2143.0,136.0,5,4536000,2787000
343,Maruti Vitara Brezza ZDi,Kolkata,2018,2900,2,1,1,24.3,1248.0,88.5,5,1013000,875000
344,Skoda Rapid 1.5 TDI Ambition,Coimbatore,2018,5833,2,1,1,21.13,1498.0,108.4,5,1422000,1192000
345,Mahindra NuvoSport N8,Coimbatore,2017,37712,2,1,1,17.45,1493.0,100.0,7,1177000,757000
346,Datsun redi-GO T Option,Kochi,2018,30953,1,1,1,22.7,799.0,53.64,5,405000,348000
347,Jeep Compass 2.0 Limited 4X4,Coimbatore,2018,48188,2,1,1,16.3,1956.0,170.0,5,2695000,2169000
348,Toyota Innova Crysta 2.8 ZX AT,Coimbatore,2017,65367,2,2,1,11.36,2755.0,171.5,7,2805000,2014000
349,Maruti Wagon R VXI AMT,Mumbai,2016,8000,1,2,1,22.5,998.0,67.0,5,614000,415000
350,Maruti Alto K10 VXI,Mumbai,2016,13198,1,1,1,24.07,998.0,67.1,5,482000,315000
351,Tata Tiago AMT 1.2 Revotron XZA,Coimbatore,2019,15379,1,2,1,23.84,1199.0,83.83,5,717000,697000
352,Mini Cooper Convertible S,Mumbai,2016,15000,1,2,1,16.82,1998.0,189.08,4,4428000,3500000
353,Hyundai Verna CRDi 1.6 SX Option,Pune,2017,50000,2,1,1,22.0,1582.0,126.2,5,1572000,1150000
354,Renault Duster 85PS Diesel RxE,Pune,2016,54000,2,1,1,19.87,1461.0,83.8,5,1127000,650000
355,Honda BRV i-VTEC V MT,Pune,2016,9200,1,1,1,15.4,1497.0,117.3,7,1358000,800000
356,Honda Amaze S Diesel,Hyderabad,2015,29000,2,1,1,27.4,1498.0,98.6,5,909000,599000
357,Maruti Alto K10 VXI,Kochi,2018,46805,1,1,1,24.07,998.0,67.1,5,409000,363000
358,Tata Zest Revotron 1.2T XE,Mumbai,2017,100000,1,1,1,17.57,1193.0,88.7,5,683000,425000
359,Maruti Wagon R LXI,Kochi,2011,15466,1,1,1,22.5,998.0,67.04,5,504000,336000
360,BMW 3 Series 320d,Kolkata,2011,70000,2,2,1,22.69,1995.0,190.0,5,4381000,1030000
361,Maruti Wagon R VXI,Kochi,2014,41994,1,1,1,22.5,998.0,67.04,5,512000,341000
362,Audi Q3 35 TDI Quattro Premium Plus,Bangalore,2015,51000,2,2,1,15.17,1968.0,181.0,5,4864000,2750000
363,Maruti Wagon R VXI 1.2,Jaipur,2015,64876,1,1,1,21.5,1197.0,81.8,5,571000,350000
364,Maruti Vitara Brezza ZDi Plus Dual Tone,Coimbatore,2017,25299,2,1,1,24.3,1248.0,88.5,5,1256000,1034000
365,Honda Amaze V Petrol,Kochi,2016,40866,1,1,1,19.5,1199.0,86.76,5,816000,547000
366,Mini Cooper Convertible S,Kochi,2017,20469,1,2,1,16.82,1998.0,189.08,4,4428000,3597999
367,Volkswagen Ameo 1.5 TDI Highline,Kochi,2018,31426,2,1,1,21.66,1498.0,108.62,5,972000,790000
368,Maruti Baleno Alpha CVT,Kochi,2019,13574,1,2,1,21.4,1197.0,83.1,5,1030000,951000
369,BMW 5 Series 520d Luxury Line,Ahmedabad,2013,90000,2,2,1,22.48,1995.0,190.0,5,6371000,1950000
370,Maruti Vitara Brezza ZDi Plus,Kochi,2017,38426,2,1,1,24.3,1248.0,88.5,5,1112000,913000
371,Maruti Eeco 7 Seater Standard,Pune,2011,45000,1,1,1,15.1,1196.0,73.0,7,469000,225000
372,Maruti Wagon R LXI,Mumbai,2010,37822,1,1,1,22.5,998.0,67.04,5,504000,235000
373,Toyota Innova Crysta 2.4 VX MT 8S,Coimbatore,2017,72202,2,1,1,13.68,2393.0,147.8,8,2401000,1792000
374,Mercedes-Benz GLE 350d,Coimbatore,2018,30706,2,2,1,11.57,2987.0,254.79,5,9513000,5929000
375,Maruti Baleno Alpha,Mumbai,2016,12208,1,1,1,21.4,1197.0,83.1,5,877999,675000
376,Volkswagen Polo GT TSI,Mumbai,2017,27853,1,2,1,17.21,1197.0,103.5,5,1126000,825000
377,Hyundai Grand i10 1.2 Kappa Sportz,Kochi,2018,20689,1,1,1,18.9,1197.0,81.86,5,668000,607000
378,Renault KWID 1.0 RXT Optional AMT,Coimbatore,2017,53285,1,2,1,22.5,999.0,67.0,5,542000,428000
379,Mercedes-Benz GLE 350d,Mumbai,2017,19863,2,2,1,11.57,2987.0,254.79,5,9123000,6495000
380,Hyundai Grand i10 1.2 Kappa Sportz,Mumbai,2018,3958,1,1,1,18.9,1197.0,81.86,5,714000,555000
381,BMW X3 xDrive 20d Luxury Line,Hyderabad,2009,58000,2,2,1,18.56,1995.0,190.0,5,6959000,1798000
382,Renault KWID 1.0 RXT Optional,Kochi,2018,18335,1,1,1,21.7,999.0,67.0,5,461000,450000
383,Volkswagen Polo GT TSI,Mumbai,2017,25000,1,2,1,17.21,1197.0,103.5,5,1126000,775000
384,Toyota Fortuner 2.8 2WD AT,Kochi,2019,21719,2,2,1,12.9,2755.0,174.5,7,3738000,3313000
385,Renault KWID Climber 1.0 MT,Hyderabad,2018,4126,1,1,1,21.7,999.0,67.0,5,530000,480000
386,Tata Bolt Quadrajet XM,Hyderabad,2017,98500,2,1,1,22.95,1248.0,74.0,5,797000,600000
387,BMW 3 Series 320d,Coimbatore,2009,103905,2,2,1,22.69,1995.0,190.0,5,4331000,992000
388,Audi A6 35 TDI Matrix,Delhi,2014,56000,2,2,1,18.53,1968.0,187.74,5,5938000,2400000
389,Volkswagen Vento 1.5 TDI Highline AT,Kochi,2017,33550,2,2,1,21.5,1498.0,108.5,5,1586000,960000
390,Audi A6 35 TDI Matrix,Hyderabad,2014,62000,2,2,1,18.53,1968.0,187.74,5,6709999,2500000
391,Ford EcoSport 1.5 Petrol Titanium Plus AT,Coimbatore,2018,27852,1,2,1,14.8,1497.0,121.36,5,1410000,1044000
392,Tata Nexon 1.5 Revotorq XZ Plus Dual Tone,Mumbai,2018,14000,2,1,1,21.5,1497.0,108.5,5,1222000,990000
393,Isuzu MUX 4WD,Jaipur,2017,34429,2,2,1,13.8,2999.0,174.57,7,3368000,2000000
394,Toyota Corolla Altis 1.4 DG,Ahmedabad,2012,52100,2,1,1,21.43,1364.0,86.79,5,1927000,650000
395,Hyundai Grand i10 1.2 Kappa Sportz,Jaipur,2018,10000,1,1,1,18.9,1197.0,81.86,5,696000,585000
396,Jeep Compass 2.0 Limited 4X4,Coimbatore,2019,6261,2,1,1,16.3,1956.0,170.0,5,2695000,2391000
397,Maruti Ignis 1.2 AMT Alpha,Coimbatore,2019,3906,1,2,1,20.89,1197.0,81.8,5,796000,736000
398,Toyota Innova Crysta 2.4 VX MT,Mumbai,2017,38000,2,1,1,13.68,2393.0,147.8,7,2306000,1764999
399,Toyota Platinum Etios 1.4 GXD,Hyderabad,2015,150000,2,1,1,23.59,1364.0,67.05,5,958000,600000
400,Toyota Innova Crysta 2.8 GX AT 8S,Delhi,2017,18000,2,2,1,11.36,2755.0,171.5,8,2080000,1825000
401,Nissan Micra Active XV,Ahmedabad,2016,41000,1,1,1,19.69,1198.0,67.04,5,678000,425000
402,Jeep Compass 2.0 Sport,Hyderabad,2017,37000,2,1,1,17.1,1956.0,170.0,5,1991000,1689999
403,Tata Zest Quadrajet 1.3 75PS XM,Pune,2017,72000,2,1,1,22.95,1248.0,74.0,5,893000,500000
404,Maruti Dzire VXI,Hyderabad,2013,34900,1,1,1,22.0,1197.0,81.8,5,797000,549000
405,Maruti Wagon R LXI,Mumbai,2014,25422,1,1,1,22.5,998.0,67.04,5,504000,325000
406,Maruti Ertiga VDI,Mumbai,2018,14000,2,1,1,25.47,1248.0,88.5,7,1166000,925000
407,Mahindra KUV 100 G80 K6 Plus 5Str,Kolkata,2017,43000,1,1,1,18.15,1198.0,82.0,5,735000,450000
408,Maruti Swift VXI,Pune,2010,68000,1,1,1,22.0,1197.0,81.8,5,699000,280000
409,Jeep Compass 2.0 Limited,Pune,2018,16039,2,1,1,17.1,1956.0,170.0,5,2389000,1850000
410,Maruti Swift LDI,Hyderabad,2016,52000,2,1,1,28.4,1248.0,74.0,5,727000,595000
411,Maruti Swift VDI,Kochi,2015,53500,2,1,1,28.4,1248.0,74.0,5,788000,536000
412,Hyundai Xcent 1.2 CRDi S,Mumbai,2016,50000,2,1,1,25.4,1186.0,73.97,5,884000,350000
413,BMW 3 Series 320d Luxury Line,Delhi,2019,87000,2,2,1,22.69,1995.0,190.0,5,5246000,667000
414,Mahindra Xylo H4,Coimbatore,2016,93166,2,1,2,14.02,2179.0,118.3,7,1167000,585000
415,Toyota Corolla Altis 1.8 VL CVT,Kolkata,2018,5000,1,2,1,14.28,1798.0,138.03,5,2237000,1695000
416,Skoda Rapid 1.6 MPI Ambition,Mumbai,2015,39822,1,1,1,15.41,1598.0,103.52,5,1202000,468000
417,Renault KWID RXL,Kochi,2017,24214,1,1,2,25.17,799.0,53.3,5,395000,346000
418,BMW 3 Series 320d,Coimbatore,2013,85846,2,2,1,22.69,1995.0,190.0,5,4879000,1308000
419,Maruti Vitara Brezza ZDi Plus Dual Tone,Kochi,2017,35981,2,1,1,24.3,1248.0,88.5,5,1129000,951000
420,Honda Brio 1.2 S MT,Mumbai,2015,22000,1,1,1,18.5,1198.0,86.8,5,623000,395000
421,Hyundai Grand i10 1.2 Kappa Magna AT,Coimbatore,2019,12153,1,2,1,18.9,1197.0,81.86,5,798000,684000
422,Audi A4 30 TFSI Premium Plus,Kochi,2017,61221,1,2,1,17.84,1395.0,147.51,5,4716000,2173000
423,Mini Cooper 5 DOOR D,Kochi,2019,14857,2,2,1,20.7,1496.0,113.98,5,4198000,3155000
424,Ford Endeavour Titanium 4X2,Coimbatore,2019,14648,2,1,1,12.62,2198.0,158.0,7,3529000,2736000
425,Tata Zest Revotron 1.2T XM,Kochi,2017,48198,1,1,1,17.57,1193.0,88.7,5,763000,465000
426,Maruti Dzire LDI,Pune,2012,150000,2,1,3,28.4,1248.0,73.75,5,791000,225000
427,Maruti Wagon R VXI,Chennai,2014,52000,1,1,1,22.5,998.0,67.04,5,551000,345000
428,Hyundai Grand i10 1.2 Kappa Asta,Coimbatore,2017,62788,1,1,1,18.9,1197.0,81.86,5,810000,608000
429,Toyota Innova Crysta 2.8 GX AT,Pune,2018,20300,2,2,1,11.36,2755.0,171.5,7,2097000,1800000
430,Mini Cooper 3 DOOR D,Kochi,2015,27641,2,2,2,20.7,1496.0,113.98,4,3489000,2477000
431,Mahindra XUV500 W7,Delhi,2018,9000,2,1,1,14.0,2179.0,155.0,7,1639999,1300000
432,Honda City i-VTEC CVT VX,Mumbai,2015,19000,1,2,1,18.0,1497.0,117.3,5,1529000,894999
433,Honda City i-VTEC CVT VX,Jaipur,2017,35000,1,2,1,18.0,1497.0,117.3,5,1467000,770000
434,Honda City i-VTEC V,Mumbai,2017,11000,1,1,1,17.4,1497.0,117.3,5,1257000,850000
435,Nissan Micra XV D,Chennai,2012,93450,2,1,2,23.19,1461.0,63.12,5,948000,250000
436,Maruti Dzire ZDI,Ahmedabad,2013,56454,2,1,1,28.4,1248.0,73.75,5,894999,465000
437,Jeep Compass 2.0 Limited Option 4X4,Kolkata,2017,15050,2,1,1,16.3,1956.0,170.0,5,2319000,1750000
438,Ford Freestyle Titanium Plus Petrol,Kolkata,2018,8896,1,1,1,19.0,1194.0,94.68,5,824000,734000
439,Honda Jazz V,Mumbai,2016,31378,1,1,1,18.2,1199.0,88.7,5,871000,590000
440,Audi Q3 30 TDI Premium FWD,Mumbai,2017,31000,2,2,1,18.51,1968.0,147.51,5,4475000,2700000
441,Mercedes-Benz E-Class E400 Cabriolet,Kolkata,2015,7501,1,2,1,10.0,2996.0,333.0,4,8757000,4800000
442,Mercedes-Benz GLE 350d,Coimbatore,2018,29277,2,2,1,11.57,2987.0,254.79,5,9513000,5965000
443,Maruti Baleno Delta CVT,Coimbatore,2018,34630,1,2,1,21.4,1197.0,83.1,5,857000,729000
444,Mini Cooper 3 DOOR D,Kochi,2016,32298,2,2,1,20.7,1496.0,113.98,4,3500000,2380000
445,Ford Aspire Ambiente Diesel,Kolkata,2018,17000,2,1,1,26.1,1498.0,99.0,5,756000,565000
446,Mercedes-Benz CLA 200 CDI Sport,Kochi,2019,29836,2,2,1,17.9,2143.0,136.0,5,4307000,2575000
447,Toyota Etios Liva 1.4 GD,Delhi,2013,84000,2,1,1,23.59,1364.0,67.04,5,783000,385000
448,Maruti Celerio VXI AMT,Chennai,2015,55000,1,2,1,23.1,998.0,67.04,5,600000,350000
449,Honda City i-VTEC VX,Mumbai,2017,7500,1,1,1,17.4,1497.0,117.3,5,1376000,1115000
450,Renault Duster 110PS Diesel RxZ AMT,Jaipur,2016,68163,2,2,1,19.6,1461.0,108.45,5,1411000,890000
451,Maruti Vitara Brezza LDi,Kochi,2017,35384,2,1,1,24.3,1248.0,88.5,5,911999,861000
452,Ford EcoSport 1.5 Diesel Titanium,Coimbatore,2018,32189,2,1,1,23.0,1498.0,98.96,5,1120000,925000
453,BMW 3 Series 320d,Mumbai,2010,67000,2,2,2,22.69,1995.0,190.0,5,4787000,925000
454,Maruti Vitara Brezza ZDi Plus,Coimbatore,2018,52380,2,1,1,24.3,1248.0,88.5,5,1247000,1015000
455,Toyota Etios Liva 1.2 G,Chennai,2011,42000,1,1,2,17.71,1197.0,78.9,5,651000,375000
456,Honda WRV i-VTEC VX,Ahmedabad,2017,32248,1,1,1,17.5,1199.0,88.7,5,1032000,825000
457,Hyundai Grand i10 1.2 Kappa Asta,Bangalore,2014,61325,1,1,1,18.9,1197.0,81.86,5,810000,440000
458,Honda Amaze S Petrol,Jaipur,2014,69000,1,1,1,19.5,1199.0,88.76,5,752000,450000
459,Volkswagen Vento 1.5 TDI Highline AT,Hyderabad,2016,45492,2,2,1,21.5,1498.0,108.5,5,1568000,1030000
460,Hyundai Grand i10 1.2 Kappa Sportz,Coimbatore,2014,33496,1,1,1,18.9,1197.0,81.86,5,745000,550000
461,BMW 5 Series 520d Luxury Line,Delhi,2013,65000,2,2,1,22.48,1995.0,190.0,5,6787000,2126000
462,Toyota Corolla Altis 1.8 G,Bangalore,2016,16471,1,1,2,14.28,1798.0,138.03,5,2048000,1150000
463,Honda City i-VTEC CVT VX,Pune,2018,4500,1,2,1,18.0,1497.0,117.3,5,1517000,1250000
464,Renault Duster 110PS Diesel RxZ AMT,Coimbatore,2017,42646,2,2,1,19.6,1461.0,108.45,5,1505000,1246000
465,Maruti Swift VDI,Jaipur,2015,63310,2,1,1,28.4,1248.0,74.0,5,813000,509999
466,Honda Jazz V,Hyderabad,2015,37000,1,1,1,18.2,1199.0,88.7,5,878999,630000
467,Nissan Terrano XL D Option,Hyderabad,2013,65280,2,1,1,19.87,1461.0,83.14,5,1472000,580000
468,Jeep Compass 2.0 Limited Option 4X4,Jaipur,2017,45000,2,1,1,16.3,1956.0,170.0,5,2554000,2000000
469,Honda City i-DTEC ZX,Pune,2017,42000,2,1,1,25.6,1498.0,98.6,5,1684000,1200000
470,Hyundai Grand i10 1.2 CRDi Sportz,Chennai,2018,48000,2,1,1,24.0,1186.0,73.97,5,827999,595000
471,Toyota Innova Crysta 2.4 VX MT,Coimbatore,2019,33598,2,1,1,13.68,2393.0,147.8,7,2394000,2220000
472,Mercedes-Benz CLA 200 CDI Sport,Kochi,2019,13414,2,2,1,17.9,2143.0,136.0,5,4307000,3077000
473,Mahindra KUV 100 G80 K8,Jaipur,2018,15900,1,1,1,18.15,1198.0,82.0,6,788000,625000
474,Audi A6 35 TDI Matrix,Coimbatore,2017,36824,2,2,1,18.53,1968.0,187.74,5,6937000,3984000
475,Maruti Baleno Zeta CVT,Kolkata,2016,20000,1,2,1,21.4,1197.0,83.1,5,903999,574000
476,BMW 3 Series Luxury Line,Ahmedabad,2016,27000,2,2,1,21.76,1995.0,190.0,5,5507000,3500000
477,Maruti Dzire AMT ZDI Plus,Chennai,2017,19000,2,2,1,28.4,1248.0,73.75,5,1097000,890000
478,Jeep Compass 2.0 Longitude,Kochi,2018,42203,2,1,1,17.1,1956.0,170.0,5,2172000,1946000
479,Tata Nexon 1.5 Revotorq XZ Plus Dual Tone,Kolkata,2018,4900,2,1,1,21.5,1497.0,108.5,5,1147000,922000
480,Renault KWID RXT Optional,Pune,2018,5000,1,1,1,25.17,799.0,53.3,5,490000,350000
481,Toyota Fortuner 2.8 4WD MT,Kochi,2011,169006,2,1,1,14.24,2755.0,174.5,7,3669000,1064000
482,Honda Jazz V CVT,Mumbai,2017,17978,1,2,1,19.0,1199.0,88.7,5,1010000,695000
483,Maruti S-Cross Alpha DDiS 200 SH,Kolkata,2016,45296,2,1,1,25.1,1248.0,88.5,5,1253000,699000
484,Tata Hexa XT,Pune,2017,39800,2,1,1,17.6,2179.0,153.86,7,2087000,1425000
485,Maruti Eeco 7 Seater Standard,Coimbatore,2016,42225,1,1,1,15.1,1196.0,73.0,7,498000,430000
486,Maruti Ignis 1.2 Delta,Kochi,2019,12076,1,1,1,20.89,1197.0,81.8,5,590000,550000
487,Volkswagen Polo GT TSI,Coimbatore,2017,50534,1,2,1,17.21,1197.0,103.5,5,1166000,827000
488,BMW 5 Series 520d Luxury Line,Ahmedabad,2010,46000,2,2,1,22.48,1995.0,190.0,5,6371000,1650000
489,Mercedes-Benz GLC 220d 4MATIC Style,Coimbatore,2019,29311,2,2,1,17.9,2143.0,170.0,5,6456999,5097000
490,BMW 3 Series Luxury Line,Mumbai,2016,31000,2,2,1,21.76,1995.0,190.0,5,6088000,2995000
491,Ford EcoSport 1.5 Petrol Titanium Plus AT,Pune,2017,14000,1,2,1,14.8,1497.0,121.36,5,1323000,999000
492,Maruti Vitara Brezza ZDi Plus Dual Tone,Ahmedabad,2017,33000,2,1,1,24.3,1248.0,88.5,5,1106000,925000
493,Nissan Terrano XV D Pre,Mumbai,2013,60000,2,1,2,19.64,1461.0,108.5,5,1721000,545000
494,Maruti Celerio ZXI AMT,Coimbatore,2017,35225,1,2,1,23.1,998.0,67.04,5,656000,525000
495,BMW 3 Series 320d,Hyderabad,2010,80000,2,2,1,22.69,1995.0,190.0,5,4720000,1420000
496,Hyundai Grand i10 1.2 Kappa Sportz,Coimbatore,2016,29091,1,1,1,18.9,1197.0,81.86,5,682000,487000
497,Maruti Vitara Brezza ZDi Plus Dual Tone,Coimbatore,2017,26927,2,1,1,24.3,1248.0,88.5,5,1256000,1139000
498,Maruti Vitara Brezza ZDi,Delhi,2016,35299,2,1,1,24.3,1248.0,88.5,5,1014000,800000
499,Maruti Alto K10 VXI,Mumbai,2017,12000,1,1,1,24.07,998.0,67.1,5,482000,325000
500,Maruti Ciaz Zeta,Kochi,2018,10575,1,1,1,21.56,1462.0,103.25,5,1111000,918000
501,Maruti Wagon R VXI 1.2,Kochi,2015,49818,1,1,1,21.5,1197.0,81.8,5,544000,411000
502,Toyota Innova Crysta 2.8 ZX AT,Kochi,2017,26023,2,2,1,11.36,2755.0,171.5,7,2655000,1997000
503,Maruti Swift VDI,Pune,2014,115000,2,1,1,28.4,1248.0,74.0,5,826000,450000
504,Tata Zest Quadrajet 1.3 XT,Bangalore,2017,27768,2,1,1,20.65,1248.0,88.7,5,1006000,585000
505,Maruti Alto K10 VXI,Chennai,2011,28300,1,1,1,24.07,998.0,67.1,5,450000,215000
506,Audi A6 35 TFSI Matrix,Delhi,2018,22000,1,2,1,15.26,1798.0,187.74,5,5697000,4150000
507,Maruti Vitara Brezza ZDi Plus Dual Tone,Coimbatore,2018,28741,2,1,1,24.3,1248.0,88.5,5,1256000,1100000
508,Hyundai Verna VTVT 1.6 SX,Kolkata,2018,5000,1,1,1,17.0,1591.0,121.3,5,1119000,869999
509,Maruti Ertiga ZDI Plus,Hyderabad,2016,42000,2,1,1,25.47,1248.0,88.5,7,1333000,990000
510,Hyundai Verna VTVT 1.6 SX,Kochi,2012,32542,1,1,1,17.0,1591.0,121.3,5,1167000,577000
511,BMW 3 Series 320d,Kochi,2012,55598,2,2,1,22.69,1995.0,190.0,5,4787000,1150000
512,Maruti Dzire VDI,Jaipur,2013,77084,2,1,1,28.4,1248.0,73.75,5,875000,495000
513,Toyota Innova Crysta 2.8 GX AT 8S,Chennai,2016,40000,2,2,1,11.36,2755.0,171.5,8,2110000,1645000
514,Maruti Baleno Alpha Diesel,Mumbai,2018,2000,2,1,1,27.39,1248.0,74.0,5,1027999,869999
515,Skoda Superb Style 1.8 TSI AT,Mumbai,2016,14500,1,2,1,14.67,1798.0,177.46,5,3336000,2075000
516,Maruti Ciaz Alpha,Mumbai,2017,19416,1,1,1,21.56,1462.0,103.25,5,1156000,825000
517,Toyota Innova Crysta 2.8 ZX AT,Pune,2016,50296,2,2,2,11.36,2755.0,171.5,7,2707000,1900000
518,Jeep Compass 2.0 Longitude,Kochi,2018,26101,2,1,1,17.1,1956.0,170.0,5,2138000,1755000
519,Maruti Alto K10 LXI Optional,Pune,2016,7000,1,1,1,24.07,998.0,67.1,5,436000,300000
520,Honda Jazz Exclusive CVT,Mumbai,2018,3000,1,2,1,19.0,1199.0,88.7,5,1081000,825000
521,Nissan Sunny XE P,Coimbatore,2012,50297,1,1,1,16.95,1498.0,97.6,5,855000,469000
522,Toyota Corolla Altis 1.8 GL,Chennai,2009,32000,1,1,2,14.28,1798.0,138.03,5,2266000,495000
523,Maruti Alto K10 VXI,Jaipur,2016,51264,1,1,1,24.07,998.0,67.1,5,424000,320000
524,Mercedes-Benz CLA 200 CGI Sport,Delhi,2016,40000,1,2,1,15.04,1991.0,183.0,5,4102000,2450000
525,Hyundai Creta 1.6 SX Automatic Diesel,Kolkata,2018,14000,2,2,1,17.6,1582.0,126.2,5,1700000,1125000
526,BMW 5 Series 520d Luxury Line,Coimbatore,2014,60280,2,2,1,22.48,1995.0,190.0,5,6371000,2245000
527,Maruti Baleno RS Petrol,Coimbatore,2018,26731,1,1,1,21.1,998.0,100.0,5,1089000,861000
528,Toyota Camry Hybrid 2.5,Coimbatore,2017,23249,1,2,1,19.16,2487.0,175.67,5,4061999,2611000
529,Hyundai Grand i10 1.2 Kappa Asta,Delhi,2018,10000,1,1,1,18.9,1197.0,81.86,5,754000,650000
530,Skoda Superb Style 1.8 TSI AT,Coimbatore,2016,54253,1,2,1,14.67,1798.0,177.46,5,3019000,1680999
531,Maruti Wagon R VXI,Pune,2014,38958,1,1,1,22.5,998.0,67.04,5,556000,341000
532,Datsun redi-GO S,Chennai,2016,26239,1,1,1,22.7,799.0,53.0,5,443000,275000
533,Toyota Fortuner 2.8 2WD MT,Coimbatore,2019,56251,2,1,1,14.24,2755.0,174.5,7,3717000,3582000
534,Honda BR-V i-VTEC S MT,Bangalore,2016,34004,1,1,1,15.4,1497.0,117.3,7,1290000,802000
535,Maruti Dzire VDI,Kochi,2017,54758,2,1,1,28.4,1248.0,73.75,5,858000,667000
536,Toyota Innova Crysta 2.8 ZX AT,Bangalore,2017,53841,2,2,1,11.36,2755.0,171.5,7,2805000,2050000
537,Hyundai Creta 1.6 SX Option,Kochi,2017,47183,1,1,2,15.8,1591.0,121.3,5,1586000,1131000
538,Datsun redi-GO T Option,Kochi,2018,6279,1,1,1,22.7,799.0,53.64,5,405000,360000
539,Hyundai Creta 1.6 SX Option Diesel,Coimbatore,2017,101065,2,1,1,20.5,1582.0,126.2,5,1918000,1145000
540,Maruti Baleno Delta,Kochi,2017,15134,1,1,1,21.4,1197.0,83.1,5,736000,637000
541,Maruti Ertiga VDI,Chennai,2016,86000,2,1,2,25.47,1248.0,88.5,7,1099000,819999
542,Honda City i-DTEC SV,Kolkata,2015,39000,2,1,1,25.6,1498.0,98.6,5,1223000,549000
543,Volkswagen Vento 1.6 Highline,Jaipur,2016,33000,1,1,1,16.09,1598.0,103.5,5,1163000,770000
544,Hyundai Verna VTVT 1.6 SX,Bangalore,2014,46676,1,1,1,17.0,1591.0,121.3,5,1227000,775000
545,Maruti Alto K10 LXI,Kochi,2014,51349,1,1,1,24.07,998.0,67.1,5,391000,293000
546,Audi Q3 30 TDI Premium FWD,Coimbatore,2018,22060,2,2,1,18.51,1968.0,147.51,5,4480000,3272999
547,Audi A4 35 TDI Premium Plus,Kochi,2015,13506,2,2,1,18.25,1968.0,187.74,5,5040000,2166000
548,Renault KWID RXT Optional,Mumbai,2016,16000,1,1,1,25.17,799.0,53.3,5,478000,299000
549,Honda Amaze S Petrol,Kolkata,2013,32576,1,1,1,19.5,1199.0,88.76,5,736000,315000
550,Datsun redi-GO T Option,Coimbatore,2017,27509,1,1,1,22.7,799.0,53.64,5,404000,331000
551,Skoda Superb Style 1.8 TSI AT,Mumbai,2016,53000,1,2,1,14.67,1798.0,177.46,5,3336000,1785000
552,Toyota Innova Crysta 2.8 ZX AT,Delhi,2016,42000,2,2,1,11.36,2755.0,171.5,7,2655000,1960000
553,Maruti Wagon R VXI AMT,Mumbai,2018,1997,1,2,1,22.5,998.0,67.0,5,614000,445000
554,Maruti Vitara Brezza ZDi Plus Dual Tone,Pune,2016,47300,2,1,1,24.3,1248.0,88.5,5,1196000,885000
555,Maruti Ertiga VDI,Coimbatore,2014,53817,2,1,1,25.47,1248.0,88.5,7,1144000,756000
556,Toyota Innova Crysta 2.8 ZX AT,Ahmedabad,2016,42388,2,2,1,11.36,2755.0,171.5,7,2463000,1800000
557,BMW X1 xDrive 20d M Sport,Kolkata,2017,27001,2,2,1,20.68,1995.0,190.0,5,5026000,2900000
558,Hyundai Grand i10 1.2 Kappa Sportz,Coimbatore,2017,38712,1,1,1,18.9,1197.0,81.86,5,745000,587000
559,Maruti Swift ZXI Plus,Ahmedabad,2018,2000,1,1,1,22.0,1197.0,81.8,5,816000,775000
560,Toyota Innova Crysta 2.4 VX MT 8S,Coimbatore,2019,31271,2,1,1,13.68,2393.0,147.8,8,2401000,2142000
561,Skoda Rapid 1.5 TDI Ambition,Mumbai,2012,54500,2,1,1,21.13,1498.0,108.4,5,1372000,409999
562,Toyota Innova Crysta 2.4 ZX MT,Ahmedabad,2016,54000,2,1,1,13.68,2393.0,147.8,7,2314000,1650000
563,Tata Tiago 1.2 Revotron XZ WO Alloy,Hyderabad,2017,16500,1,1,1,23.84,1199.0,84.0,5,629000,500000
564,Honda Amaze V Petrol,Jaipur,2018,6000,1,1,1,19.5,1199.0,86.76,5,818000,670000
565,Maruti Wagon R LXI,Mumbai,2010,12000,1,1,1,22.5,998.0,67.04,5,504000,245000
566,Hyundai Grand i10 1.2 Kappa Magna,Kolkata,2018,4500,1,1,1,18.9,1197.0,81.86,5,640000,480000
567,Hyundai Grand i10 1.2 Kappa Asta,Kochi,2017,51223,1,1,1,18.9,1197.0,81.86,5,748000,566000
568,Ford Mustang V8,Kochi,2018,21290,1,2,1,13.0,4951.0,395.0,4,8392000,5680000
569,Toyota Innova Crysta 2.8 GX AT,Kochi,2019,14076,2,2,1,11.36,2755.0,171.5,7,2073999,1939999
570,Hyundai Grand i10 1.2 Kappa Asta,Hyderabad,2017,22500,1,1,1,18.9,1197.0,81.86,5,782000,599000
571,Honda Amaze S Diesel,Kolkata,2013,46500,2,1,1,27.4,1498.0,98.6,5,853999,330000
572,Maruti Wagon R VXI,Jaipur,2017,39867,1,1,1,22.5,998.0,67.04,5,544000,450000
573,Skoda Superb Style 2.0 TDI AT,Mumbai,2015,19000,2,2,1,18.19,1968.0,174.5,5,3694000,1550000
574,Volkswagen Vento 1.5 TDI Comfortline,Kolkata,2012,34000,2,1,1,20.64,1498.0,108.5,5,1116000,340000
575,Hyundai Verna VTVT 1.6 SX Option,Kochi,2016,52378,1,1,1,17.0,1591.0,121.3,5,1360000,797000
576,Maruti Dzire AMT ZDI Plus,Kochi,2018,64035,2,2,1,28.4,1248.0,73.75,5,1070000,855000
577,Maruti Eeco 7 Seater Standard,Chennai,2016,55000,1,1,1,15.1,1196.0,73.0,7,487000,375000
578,Mitsubishi Pajero Sport 4X4,Coimbatore,2015,53497,2,1,1,13.5,2477.0,175.56,7,3460000,1642000
579,Mercedes-Benz GLE 350d,Chennai,2016,29000,2,2,1,11.57,2987.0,254.79,5,9279000,6500000
580,Maruti Wagon R VXI AMT,Kolkata,2017,17000,1,2,1,22.5,998.0,67.0,5,580000,395000
581,BMW 3 Series 320d,Mumbai,2011,51000,2,2,1,22.69,1995.0,190.0,5,4787000,1050000
582,BMW 5 Series 520d Luxury Line,Coimbatore,2011,51602,2,2,1,22.48,1995.0,190.0,5,6371000,1727000
583,BMW 3 Series Luxury Line,Pune,2016,70000,2,2,2,21.76,1995.0,190.0,5,6211000,2700000
584,Honda Jazz V,Kochi,2017,36973,1,1,1,18.2,1199.0,88.7,5,871000,680000
585,Maruti Wagon R VXI,Mumbai,2014,43628,1,1,1,22.5,998.0,67.04,5,561000,316000
586,Maruti Vitara Brezza ZDi Plus AMT Dual Tone,Chennai,2018,3300,2,2,1,24.3,1248.0,88.5,5,1288000,1150000
587,Maruti Alto K10 LXI,Delhi,2016,35027,1,1,1,24.07,998.0,67.1,5,391000,300000
588,Maruti Vitara Brezza ZDi,Bangalore,2017,45000,2,1,1,24.3,1248.0,88.5,5,1100000,975000
589,BMW X1 sDrive 20d xLine,Coimbatore,2019,15456,2,2,1,20.68,1995.0,190.0,5,4818000,3664000
590,Hyundai Grand i10 1.2 CRDi Asta,Kochi,2015,81828,2,1,1,24.0,1186.0,73.97,5,868000,543000
591,Renault KWID 1.0 RXT Optional,Jaipur,2016,26000,1,1,1,21.7,999.0,67.0,5,478000,300000
592,Honda WRV i-VTEC VX,Hyderabad,2017,15000,1,1,1,17.5,1199.0,88.7,5,1083000,890000
593,Volkswagen Vento 1.6 Comfortline,Kochi,2012,60818,1,1,1,16.09,1598.0,103.5,5,1105000,359000
594,Maruti Ertiga VDI,Pune,2016,54161,2,1,1,25.47,1248.0,88.5,7,1127000,764000
595,Volkswagen Vento 1.6 Comfortline,Kochi,2018,20488,1,1,2,16.09,1598.0,103.5,5,1148000,764000
596,Toyota Fortuner 2.8 2WD MT,Coimbatore,2017,72668,2,1,1,14.24,2755.0,174.5,7,3717000,2885000
597,Toyota Etios Cross 1.4L VD,Bangalore,2014,57464,2,1,1,23.59,1364.0,67.06,5,999000,575000
598,Toyota Innova Crysta 2.8 ZX AT,Chennai,2016,80000,2,2,1,11.36,2755.0,171.5,7,2695000,1950000
599,Hyundai Xcent 1.2 VTVT E,Pune,2018,40000,1,1,1,20.14,1197.0,81.86,5,671000,500000
600,Hyundai Verna VTVT 1.6 SX Option,Kochi,2019,12336,1,1,1,17.0,1591.0,121.3,5,1360000,1188000
601,Nissan Micra Active XV,Pune,2018,24000,1,1,1,19.69,1198.0,67.04,5,699000,400000
602,Volkswagen Vento 1.5 TDI Highline,Chennai,2011,121311,2,1,1,20.64,1498.0,108.5,5,1432000,290000
603,Tata Tiago 1.2 Revotron XT Option,Coimbatore,2019,16698,1,1,1,23.84,1199.0,84.0,5,621000,585000
604,Land Rover Range Rover Evoque 2.0 TD4 HSE Dynamic,Hyderabad,2016,52000,2,2,1,15.68,1999.0,177.0,5,7448999,4200000
605,Hyundai Elite i20 Sportz Plus,Kochi,2017,37460,1,1,1,18.6,1197.0,81.86,5,802999,628000
606,Hyundai Creta 1.6 SX Option Diesel,Bangalore,2016,93000,2,1,1,20.5,1582.0,126.2,5,1918000,1080000
607,Volvo V40 D3 R Design,Hyderabad,2015,38000,2,2,2,16.8,1969.0,150.0,5,3790000,2400000
608,BMW 3 Series Luxury Line,Kochi,2018,21936,2,2,1,21.76,1995.0,190.0,5,5867000,3792000
609,Skoda Superb Style 1.8 TSI AT,Delhi,2013,80000,1,2,2,14.67,1798.0,177.46,5,3254000,725000
610,Mahindra Thar CRDe,Coimbatore,2017,28599,2,1,1,16.55,2498.0,105.0,6,1171000,966000
611,Datsun redi-GO T,Kolkata,2016,15000,1,1,1,22.7,799.0,53.64,5,398000,225000
612,Maruti Alto K10 VXI,Kochi,2015,23876,1,1,1,24.07,998.0,67.1,5,409000,346000
613,BMW 3 Series 320d,Hyderabad,2011,89000,2,2,1,22.69,1995.0,190.0,5,4720000,1395000
614,Maruti Wagon R VXI 1.2,Kolkata,2014,37000,1,1,1,21.5,1197.0,81.8,5,556000,280000
615,Audi A4 35 TDI Technology,Hyderabad,2017,14000,2,2,1,18.25,1968.0,187.74,5,5561000,4300000
616,Maruti Baleno Alpha,Chennai,2016,16000,1,1,1,21.4,1197.0,83.1,5,880000,695000
617,Tata Nexon 1.2 Revotron XZ Plus,Coimbatore,2018,17477,1,1,1,17.0,1198.0,108.5,5,1113000,961999
618,Maruti Wagon R LXI,Kochi,2014,52431,1,1,1,22.5,998.0,67.04,5,459000,301000
619,Maruti Vitara Brezza ZDi Plus,Kochi,2018,57078,2,1,1,24.3,1248.0,88.5,5,1158000,1019000
620,Maruti Baleno Alpha Diesel,Hyderabad,2017,24000,2,1,1,27.39,1248.0,74.0,5,1063000,840000
621,Maruti Baleno Alpha CVT,Mumbai,2018,3000,1,2,1,21.4,1197.0,83.1,5,1030000,885000
622,Honda City i-VTEC VX,Ahmedabad,2017,29000,1,1,1,17.4,1497.0,117.3,5,1268000,1000000
623,Mercedes-Benz GLC 220d 4MATIC Style,Mumbai,2017,24000,2,2,1,17.9,2143.0,170.0,5,5977000,4695000
624,Hyundai Creta 1.6 SX Option Executive,Coimbatore,2018,44383,1,1,1,15.8,1591.0,121.3,5,1770000,1325000
625,Hyundai Creta 1.6 SX,Delhi,2016,69000,1,1,1,15.8,1591.0,121.3,5,1423000,969999
626,Maruti Dzire AMT VDI,Coimbatore,2018,25082,2,2,1,28.4,1248.0,73.75,5,961999,836999
627,Audi A4 35 TDI Premium Plus,Coimbatore,2014,28469,2,2,1,18.25,1968.0,187.74,5,5314000,2437000
628,Ford Aspire Titanium Diesel,Kolkata,2017,60048,2,1,1,26.1,1498.0,99.0,5,891000,600000
629,Maruti Dzire AMT ZXI Plus,Coimbatore,2019,8018,1,2,1,22.0,1197.0,81.8,5,1026000,830000
630,Tata Tiago AMT 1.2 Revotron XZA,Pune,2018,2000,1,2,1,23.84,1199.0,83.83,5,694000,500000
631,Hyundai Verna CRDi 1.6 SX Option,Hyderabad,2008,109606,2,1,1,22.0,1582.0,126.2,5,1559000,290000
632,Honda Amaze V CVT Petrol,Kochi,2019,25717,1,2,1,19.0,1199.0,88.76,5,947000,886000
633,Honda Jazz VX,Chennai,2017,8000,1,1,1,18.2,1199.0,88.7,5,910000,790000
634,Hyundai Creta 1.6 SX Option Diesel,Coimbatore,2019,24864,2,1,1,20.5,1582.0,126.2,5,1918000,1627000
635,BMW 5 Series 530d M Sport,Hyderabad,2016,27000,2,2,1,18.59,2993.0,265.0,5,7831000,4800000
636,Audi A3 35 TDI Premium Plus,Mumbai,2016,39000,2,2,1,20.38,1968.0,143.0,5,4289000,1889999
637,Volkswagen Polo 1.5 TDI Comfortline,Jaipur,2015,66000,2,1,1,20.14,1498.0,88.0,5,956000,491000
638,BMW X3 xDrive 20d xLine,Kochi,2017,36723,2,2,1,18.56,1995.0,190.0,5,6476000,3257000
639,Audi Q7 45 TDI Quattro Technology,Pune,2017,59500,2,2,1,14.75,2967.0,245.0,7,9992000,6800000
640,Honda Jazz VX Diesel,Hyderabad,2017,17151,2,1,1,27.3,1498.0,98.6,5,1105000,840000
641,Maruti Vitara Brezza LDi,Kochi,2018,32539,2,1,1,24.3,1248.0,88.5,5,863000,839000
642,Land Rover Discovery Sport TD4 HSE 7S,Coimbatore,2019,24013,2,2,1,12.81,1999.0,148.31,7,6922000,5614000
643,Jeep Compass 2.0 Sport,Kolkata,2017,27000,2,1,1,17.1,1956.0,170.0,5,1845000,1500000
644,Maruti Vitara Brezza ZDi,Coimbatore,2017,58829,2,1,1,24.3,1248.0,88.5,5,989000,905000
645,Maruti Celerio LXI MT,Kolkata,2018,30000,1,1,1,23.1,998.0,67.04,5,487000,375000
646,Maruti Vitara Brezza ZDi,Coimbatore,2017,21789,2,1,1,24.3,1248.0,88.5,5,1100000,988000
647,Hyundai Elite i20 Asta Option,Coimbatore,2019,21134,1,1,1,18.6,1197.0,81.86,5,977999,877999
648,Maruti Dzire VDI,Hyderabad,2013,68434,2,1,1,28.4,1248.0,73.75,5,914000,550000
649,Maruti Alto K10 VXI,Pune,2014,17000,1,1,1,24.07,998.0,67.1,5,448000,210000
650,Hyundai Verna CRDi 1.6 SX Option,Mumbai,2013,79225,2,1,1,22.0,1582.0,126.2,5,1557000,550000
651,Maruti Wagon R VXI,Kochi,2019,31817,1,1,1,22.5,998.0,67.04,5,512000,534000
652,Mercedes-Benz GLE 250d,Hyderabad,2016,50000,2,2,1,17.9,2143.0,201.15,5,7943000,4900000
653,Tata Zest Quadrajet 1.3 75PS XE,Kolkata,2017,45000,2,1,1,22.95,1248.0,74.0,5,794000,375000
654,Mercedes-Benz GLE 350d,Bangalore,2016,28541,2,2,1,11.57,2987.0,254.79,5,9513000,6075000
655,Nissan Micra XV CVT,Kolkata,2011,44000,1,2,1,19.15,1198.0,75.94,5,873000,265000
656,Tata Zest Revotron 1.2 XT,Coimbatore,2015,27000,1,1,1,17.57,1193.0,88.7,5,869000,527000
657,Honda Jazz VX Diesel,Chennai,2016,14980,2,1,1,27.3,1498.0,98.6,5,1081000,740000
658,Mercedes-Benz CLA 200 CDI Sport,Jaipur,2017,39000,2,2,1,17.9,2143.0,136.0,5,4240000,2700000
659,Toyota Corolla Altis 1.8 GL,Coimbatore,2015,53920,1,1,1,14.28,1798.0,138.03,5,2337000,1077000
660,BMW 5 Series 530d M Sport,Chennai,2010,58000,2,2,1,18.59,2993.0,265.0,5,7978000,1175000
661,Tata Zest Revotron 1.2T XM,Kochi,2015,39208,1,1,1,17.57,1193.0,88.7,5,763000,451999
662,Honda City i-VTEC VX,Coimbatore,2013,38622,1,1,1,17.4,1497.0,117.3,5,1268000,626000
663,Hyundai Verna CRDi 1.6 AT SX Plus,Bangalore,2012,79000,2,2,1,22.0,1582.0,126.2,5,1660000,525000
664,Renault KWID Climber 1.0 AMT,Coimbatore,2018,38171,1,2,2,22.5,999.0,67.0,5,572000,499000
665,Renault KWID 1.0 RXT Optional AMT,Kochi,2017,53105,1,2,1,22.5,999.0,67.0,5,493000,441000
666,Mahindra Bolero ZLX,Coimbatore,2017,68557,2,1,1,15.96,2523.0,62.1,7,1128000,814000
667,Volkswagen Vento 1.5 TDI Highline,Hyderabad,2016,34000,2,1,1,20.64,1498.0,108.5,5,1420000,844999
668,BMW 3 Series 320d,Bangalore,2012,73000,2,2,1,22.69,1995.0,190.0,5,4879000,1250000
669,Ford EcoSport 1.5 Diesel Trend,Kochi,2017,63423,2,1,1,23.0,1498.0,98.96,5,1042000,769000
670,Hyundai Creta 1.6 SX Option,Kochi,2018,53322,1,1,1,15.8,1591.0,121.3,5,1605999,1213000
671,Ford EcoSport 1.5 Petrol Titanium,Hyderabad,2017,21800,1,1,1,17.0,1497.0,121.36,5,1127000,875000
672,Ford Freestyle Titanium Plus Petrol,Jaipur,2018,1001,1,1,1,19.0,1194.0,94.68,5,844000,723000
673,Hyundai Elantra 1.6 SX,Pune,2013,170000,2,1,1,22.54,1582.0,126.2,5,2087000,750000
674,Maruti Vitara Brezza ZDi Plus Dual Tone,Pune,2016,85000,2,1,1,24.3,1248.0,88.5,5,1196000,890000
675,Toyota Etios Cross 1.4L VD,Jaipur,2014,62322,2,1,1,23.59,1364.0,67.06,5,955000,490000
676,Maruti Alto K10 VXI,Kochi,2015,37929,1,1,1,24.07,998.0,67.1,5,409000,369000
677,Tata Tiago 1.2 Revotron XM Option,Chennai,2016,5400,1,1,1,23.84,1199.0,84.0,5,545000,398000
678,Volkswagen Ameo 1.2 MPI Highline,Kochi,2017,14576,1,1,1,17.0,1198.0,73.75,5,838000,669000
679,Honda BRV i-VTEC V CVT,Mumbai,2017,17000,1,2,1,16.0,1497.0,117.3,7,1502000,950000
680,Maruti Celerio ZXI Optional AMT,Kochi,2018,12278,1,2,1,23.1,998.0,67.04,5,595000,563000
681,Hyundai Creta 1.6 SX,Coimbatore,2018,17665,1,1,1,15.8,1591.0,121.3,5,1536000,1178000
682,Tata Zest Revotron 1.2T XE,Kolkata,2017,65000,1,1,1,17.57,1193.0,88.7,5,659000,480000
683,Volkswagen Vento 1.6 Comfortline,Kolkata,2014,38000,1,1,1,16.09,1598.0,103.5,5,1094000,349000
684,Volkswagen Polo 1.5 TDI Highline,Hyderabad,2016,29647,2,1,1,20.14,1498.0,88.0,5,1015000,630000
685,Maruti Baleno RS Petrol,Kochi,2018,43639,1,1,1,21.1,998.0,100.0,5,983000,815000
686,BMW 3 Series Luxury Line,Bangalore,2017,21000,2,2,1,21.76,1995.0,190.0,5,6207000,3500000
687,Maruti Dzire VXI,Pune,2013,74000,1,1,1,22.0,1197.0,81.8,5,767000,450000
688,Volkswagen Polo 1.5 TDI Highline,Chennai,2017,25000,2,1,1,20.14,1498.0,88.0,5,997000,690000
689,Audi A6 35 TDI Matrix,Chennai,2015,20000,2,2,1,18.53,1968.0,187.74,5,6767000,3550000
690,Hyundai Grand i10 1.2 CRDi Sportz,Kochi,2018,32663,2,1,1,24.0,1186.0,73.97,5,818000,628000
691,Tata Bolt Quadrajet XE,Hyderabad,2016,100303,2,1,1,22.95,1248.0,74.0,5,743000,370000
692,Maruti Eeco 7 Seater Standard,Mumbai,2014,34670,1,1,1,15.1,1196.0,73.0,7,471000,290000
693,Hyundai Grand i10 1.2 CRDi Sportz,Delhi,2015,59261,2,1,1,24.0,1186.0,73.97,5,818000,425000
694,BMW 3 Series 320d Luxury Line,Hyderabad,2015,47000,2,2,1,22.69,1995.0,190.0,5,5368000,2950000
695,Ford Ecosport Signature Edition Diesel,Ahmedabad,2018,13000,2,1,1,23.0,1498.0,98.96,5,1212000,1090000
696,Maruti Celerio ZXI MT,Bangalore,2015,48808,1,1,1,23.1,998.0,67.04,5,605000,430000
697,Hyundai i20 Active SX Dual Tone Petrol,Pune,2019,1000,1,1,1,17.19,1197.0,81.86,5,1025000,860000
698,Volkswagen Ameo 1.5 TDI Highline,Pune,2016,20000,2,1,1,21.66,1498.0,108.62,5,1003999,675000
699,Volkswagen Polo GT TSI,Kochi,2015,26323,1,2,1,17.21,1197.0,103.5,5,1083000,740000
700,Mahindra Bolero ZLX,Jaipur,2016,65000,2,1,1,15.96,2523.0,62.1,7,1115000,721000
701,Hyundai Xcent 1.2 CRDi S,Kolkata,2017,51000,2,1,1,25.4,1186.0,73.97,5,823000,420000
702,Toyota Innova Crysta 2.4 GX MT,Hyderabad,2016,73000,2,1,1,13.68,2393.0,147.8,7,1937000,1650000
703,Maruti Swift LDI,Jaipur,2015,39437,2,1,1,28.4,1248.0,74.0,5,701000,515000
704,Tata Zest Revotron 1.2T XM,Mumbai,2014,36000,1,1,1,17.57,1193.0,88.7,5,763000,370000
705,Hyundai Grand i10 1.2 Kappa Magna,Pune,2010,45252,1,1,1,18.9,1197.0,81.86,5,680000,225000
706,Maruti Ertiga VDI,Kochi,2018,51236,2,1,1,25.47,1248.0,88.5,7,1083000,849000
707,Maruti Dzire AMT VXI,Chennai,2017,42000,1,2,1,22.0,1197.0,81.8,5,813000,550000
708,Toyota Corolla Altis 1.8 VL CVT,Coimbatore,2016,82725,1,2,1,14.28,1798.0,138.03,5,2527000,1199000
709,BMW 3 Series Sport,Mumbai,2016,19000,2,2,2,21.76,1995.0,190.0,5,5730000,2999000
710,Maruti Wagon R VXI AMT,Delhi,2016,30000,1,2,1,22.5,998.0,67.0,5,568000,425000
711,Maruti Vitara Brezza ZDi Plus Dual Tone,Delhi,2016,22000,2,1,1,24.3,1248.0,88.5,5,1175000,825000
712,Honda WR-V Edge Edition i-VTEC S,Kochi,2019,13913,1,1,1,17.5,1199.0,88.7,5,936000,819999
713,Mercedes-Benz GLA Class 200 d Style,Kochi,2016,26212,2,2,1,17.9,2143.0,136.0,5,3872000,2446000
714,Tata Zest Revotron 1.2T XMS,Pune,2014,23500,1,1,2,17.57,1193.0,88.7,5,770000,390000
715,Maruti Wagon R VXI AMT1.2,Mumbai,2015,26000,1,2,1,21.5,1197.0,81.8,5,643000,365000
716,Hyundai Xcent 1.2 CRDi S,Kolkata,2016,26000,2,1,1,25.4,1186.0,73.97,5,823000,500000
717,Maruti Wagon R VXI,Jaipur,2017,35362,1,1,1,22.5,998.0,67.04,5,544000,385000
718,BMW 3 Series 320d,Bangalore,2010,58000,2,2,1,22.69,1995.0,190.0,5,4879000,1150000
719,Renault KWID Climber 1.0 AMT,Chennai,2018,14000,1,2,1,22.5,999.0,67.0,5,567000,450000
720,Hyundai Creta 1.6 SX Option Diesel,Coimbatore,2016,47392,2,1,1,20.5,1582.0,126.2,5,1918000,1382000
721,Maruti Dzire LDI,Pune,2017,48000,2,1,1,28.4,1248.0,73.75,5,791000,600000
722,Renault KWID RXL,Jaipur,2016,26000,1,1,1,25.17,799.0,53.3,5,396000,254999
723,Maruti Alto K10 VXI,Jaipur,2016,35000,1,1,1,24.07,998.0,67.1,5,424000,300000
724,BMW X3 xDrive 20d Luxury Line,Mumbai,2018,1400,2,2,1,18.56,1995.0,190.0,5,7055000,6125000
725,Mini Cooper 3 DOOR S,Kochi,2016,21110,1,2,1,17.44,1998.0,189.08,4,3927000,2895000
726,Toyota Etios Liva 1.2 G,Coimbatore,2015,64005,1,1,1,17.71,1197.0,78.9,5,641000,457000
727,Nissan Micra XV CVT,Mumbai,2015,34895,1,2,1,19.15,1198.0,75.94,5,947000,459999
728,Toyota Innova Crysta 2.8 GX AT,Kochi,2017,20789,2,2,1,11.36,2755.0,171.5,7,2073999,1836000
729,BMW 5 Series 520d Luxury Line,Coimbatore,2016,75637,2,2,1,22.48,1995.0,190.0,5,7181999,3037000
730,Renault KWID RXT Optional,Kochi,2019,6568,1,1,1,25.17,799.0,53.3,5,478000,509000
731,BMW 3 Series 320d Luxury Line,Kochi,2016,62404,2,2,1,22.69,1995.0,190.0,5,5443000,2133000
732,BMW 3 Series Luxury Line,Coimbatore,2017,34232,2,2,1,21.76,1995.0,190.0,5,5507000,3584000
733,Renault Duster 110PS Diesel RxZ AWD,Chennai,2012,80000,2,1,1,19.72,1461.0,108.45,5,1594000,675000
734,Toyota Fortuner 2.8 2WD AT,Coimbatore,2019,28069,2,2,1,12.9,2755.0,174.5,7,3445000,3085000
735,Nissan Sunny XV D,Chennai,2012,70000,2,1,2,22.71,1461.0,84.8,5,1148000,400000
736,Maruti Wagon R ZXI AMT 1.2,Mumbai,2019,600,1,2,1,21.5,1197.0,81.8,5,680000,625000
737,Tata Tigor XE Diesel,Ahmedabad,2017,16235,2,1,1,24.7,1047.0,69.0,5,715000,550000
738,Skoda Superb Style 1.8 TSI AT,Kochi,2017,73641,1,2,1,14.67,1798.0,177.46,5,3336000,1707999
739,Hyundai Verna VTVT 1.6 AT SX Plus,Mumbai,2012,75059,1,2,1,17.0,1591.0,121.3,5,1370000,425000
740,Toyota Etios 1.4 VXD,Pune,2018,3000,2,1,1,23.59,1364.0,67.04,5,1063000,790000
741,Volkswagen Polo 1.5 TDI Highline,Coimbatore,2014,52951,2,1,1,20.14,1498.0,88.0,5,1032000,565000
742,Maruti Eeco 7 Seater Standard,Delhi,2016,126000,1,1,1,15.1,1196.0,73.0,7,443000,220000
743,Volkswagen Vento 1.5 TDI Highline,Hyderabad,2017,28000,2,1,1,20.64,1498.0,108.5,5,1420000,1000000
744,Hyundai Grand i10 1.2 Kappa Magna,Delhi,2017,46000,1,1,1,18.9,1197.0,81.86,5,654000,475000
745,Maruti Baleno Zeta,Coimbatore,2018,33150,1,1,1,21.4,1197.0,83.1,5,871000,739000
746,Honda City i-VTEC VX,Ahmedabad,2012,34000,1,1,1,17.4,1497.0,117.3,5,1268000,575000
747,Honda BRV i-VTEC V CVT,Mumbai,2017,16503,1,2,1,16.0,1497.0,117.3,7,1502000,950000
748,Honda City i-VTEC CVT V,Kochi,2019,22321,1,2,1,18.0,1497.0,117.3,5,1340000,1166000
749,Mahindra KUV 100 G80 K8 Dual Tone,Delhi,2018,42000,1,1,1,18.15,1198.0,82.0,6,796000,550000
750,Honda City i-VTEC V,Kochi,2018,11732,1,1,1,17.4,1497.0,117.3,5,1188000,1007000
751,Toyota Innova Crysta 2.4 VX MT,Kolkata,2017,31000,2,1,1,13.68,2393.0,147.8,7,2136000,1695000
752,Volvo S60 D4 Momentum,Hyderabad,2014,51000,2,2,1,27.03,1969.0,190.0,5,4567000,2150000
753,Honda Brio 1.2 S Option MT,Delhi,2012,40315,1,1,1,18.5,1198.0,86.8,5,592000,275000
754,Tata Tiago 1.2 Revotron XZ,Coimbatore,2019,20712,1,1,1,23.84,1199.0,84.0,5,659000,694000
755,Nissan Terrano XL D Option,Kochi,2015,58817,2,1,1,19.87,1461.0,83.14,5,1506000,625000
756,Tata Tiago 1.2 Revotron XZ,Hyderabad,2017,22000,1,1,1,23.84,1199.0,84.0,5,642000,480000
757,Renault KWID RXL,Kochi,2019,7858,1,1,1,25.17,799.0,53.3,5,404000,380000
758,Honda Amaze VX Petrol,Mumbai,2014,21000,1,1,1,19.5,1199.0,86.76,5,899000,475000
759,Volkswagen Vento 1.5 TDI Highline AT,Pune,2016,19000,2,2,1,21.5,1498.0,108.5,5,1568000,1000000
760,Skoda Rapid 1.6 MPI Ambition,Coimbatore,2019,21214,1,1,1,15.41,1598.0,103.52,5,1244000,966000
761,Maruti Celerio VXI AMT,Kolkata,2016,30000,1,2,1,23.1,998.0,67.04,5,577000,380000
762,Renault KWID RXT Optional,Kochi,2017,21954,1,1,1,25.17,799.0,53.3,5,478000,370000
763,Nissan Micra XV CVT,Coimbatore,2017,54387,1,2,1,19.15,1198.0,75.94,5,951000,585000
764,Renault KWID RXT Optional,Mumbai,2018,1617,1,1,1,25.17,799.0,53.3,5,478000,429000
765,Honda City i-DTEC SV,Hyderabad,2015,82000,2,1,1,25.6,1498.0,98.6,5,1333000,800000
766,Hyundai Grand i10 1.2 Kappa Sportz,Kochi,2016,28147,1,1,1,18.9,1197.0,81.86,5,662000,507000
767,Renault Duster 110PS Diesel RxZ,Bangalore,2014,70000,2,1,1,19.6,1461.0,108.45,5,1501000,825000
768,Skoda Superb L&K 2.0 TDI AT,Mumbai,2017,35000,2,2,1,18.19,1968.0,174.5,5,4072999,2575000
769,Maruti Vitara Brezza ZDi Plus Dual Tone,Kochi,2017,21248,2,1,1,24.3,1248.0,88.5,5,1175000,944000
770,Mercedes-Benz C-Class Progressive C 220d,Ahmedabad,2019,4000,2,2,1,0.0,1950.0,194.0,5,4914000,3500000
771,Mitsubishi Pajero Sport 4X4,Jaipur,2014,70000,2,1,2,13.5,2477.0,175.56,7,3321000,1185000
772,Hyundai Creta 1.6 SX,Hyderabad,2018,9900,1,1,1,15.8,1591.0,121.3,5,1472000,1320000
773,Tata Zest Quadrajet 1.3 75PS XE,Hyderabad,2016,125000,2,1,1,22.95,1248.0,74.0,5,809000,459999
774,Renault Duster 110PS Diesel RxZ AMT,Coimbatore,2017,34686,2,2,1,19.6,1461.0,108.45,5,1505000,1186000
775,Skoda Superb Style 2.0 TDI AT,Mumbai,2017,42000,2,2,1,18.19,1968.0,174.5,5,3694000,2299000
776,Mahindra NuvoSport N6,Coimbatore,2018,37323,2,1,2,17.45,1493.0,100.0,7,1052000,729000
777,Maruti Dzire LDI,Pune,2018,27000,2,1,1,28.4,1248.0,73.75,5,791000,590000
778,Renault KWID RXL,Pune,2018,1000,1,1,1,25.17,799.0,53.3,5,445000,340000
779,Maruti Ertiga VXI AT Petrol,Mumbai,2017,28000,1,2,1,18.69,1462.0,103.0,7,1065000,800000
780,Toyota Corolla Altis 1.8 G CVT,Delhi,2010,109703,1,2,2,14.28,1798.0,138.03,5,2046000,400000
781,Hyundai Verna VTVT 1.6 AT SX Option,Mumbai,2018,8000,1,2,1,17.0,1591.0,121.3,5,1514000,1285000
782,Mercedes-Benz GLA Class 200 Sport,Kochi,2018,17773,1,2,1,13.7,1991.0,183.0,5,3922000,2676000
783,Volkswagen Polo 1.5 TDI Highline,Hyderabad,2013,65000,2,1,2,20.14,1498.0,88.0,5,1015000,350000
784,Volkswagen Ameo 1.2 MPI Highline,Ahmedabad,2016,34005,1,1,1,17.0,1198.0,73.75,5,809000,575000
785,Maruti Baleno Alpha,Mumbai,2017,6000,1,1,1,21.4,1197.0,83.1,5,877999,750000
786,Tata Hexa XTA,Jaipur,2016,39000,2,2,1,17.6,2179.0,153.86,7,2100000,1350000
787,Tata Tiago 1.2 Revotron XT,Kochi,2017,15386,1,1,1,23.84,1199.0,84.0,5,556000,511000
788,Audi A4 35 TDI Premium Plus,Coimbatore,2013,58629,2,2,2,18.25,1968.0,187.74,5,5314000,1652000
789,Tata Bolt Revotron XT,Chennai,2016,10000,1,1,1,17.57,1193.0,88.7,5,777000,400000
790,Volkswagen Vento 1.6 Highline,Mumbai,2011,38000,1,1,1,16.09,1598.0,103.5,5,1191000,325000
791,Maruti Vitara Brezza VDi,Pune,2016,37208,2,1,1,24.3,1248.0,88.5,5,993000,743000
792,Honda Brio 1.2 VX MT,Delhi,2013,33746,1,1,1,18.5,1198.0,86.8,5,663000,320000
793,Maruti Swift VDI,Delhi,2014,27365,2,1,1,28.4,1248.0,74.0,5,788000,475000
